rows,cols,iterations,input,final,stack,read_s,compute_s,write_s,overall_s
128,128,10,../data/initial.dat,../data/final_serial.dat,disabled,6.294250488e-05,1.151561737e-04,9.584426880e-05,2.789497375e-04
128,128,10,../data/initial.dat,../data/final_serial.dat,disabled,8.201599121e-05,1.051425934e-04,2.100467682e-04,4.010200500e-04
128,128,10,../data/initial.dat,../data/final_serial.dat,disabled,5.292892456e-05,1.270771027e-04,2.059936523e-04,3.890991211e-04
128,128,10,../data/initial.dat,../data/final_serial.dat,disabled,5.793571472e-05,9.608268738e-05,1.618862152e-04,3.190040588e-04
128,128,10,../data/initial.dat,../data/final_serial.dat,disabled,5.507469177e-05,1.029968262e-04,1.790523529e-04,3.399848938e-04
128,128,30,../data/initial.dat,../data/final_serial.dat,disabled,6.198883057e-05,2.710819244e-04,1.769065857e-04,5.149841309e-04
128,128,30,../data/initial.dat,../data/final_serial.dat,disabled,6.198883057e-05,2.849102020e-04,1.790523529e-04,5.300045013e-04
128,128,30,../data/initial.dat,../data/final_serial.dat,disabled,6.294250488e-05,2.419948578e-04,1.618862152e-04,4.708766937e-04
128,128,30,../data/initial.dat,../data/final_serial.dat,disabled,5.197525024e-05,2.400875092e-04,1.718997955e-04,4.670619965e-04
128,128,30,../data/initial.dat,../data/final_serial.dat,disabled,5.197525024e-05,2.491474152e-04,1.599788666e-04,4.651546478e-04
128,128,50,../data/initial.dat,../data/final_serial.dat,disabled,5.578994751e-05,3.759860992e-04,1.580715179e-04,5.939006805e-04
128,128,50,../data/initial.dat,../data/final_serial.dat,disabled,6.008148193e-05,4.029273987e-04,2.119541168e-04,6.799697876e-04
128,128,50,../data/initial.dat,../data/final_serial.dat,disabled,5.984306335e-05,4.460811615e-04,1.759529114e-04,6.859302521e-04
128,128,50,../data/initial.dat,../data/final_serial.dat,disabled,5.006790161e-05,3.759860992e-04,1.640319824e-04,5.929470062e-04
128,128,50,../data/initial.dat,../data/final_serial.dat,disabled,5.698204041e-05,3.831386566e-04,1.549720764e-04,5.991458893e-04
128,128,70,../data/initial.dat,../data/final_serial.dat,disabled,6.318092346e-05,5.481243134e-04,1.890659332e-04,8.041858673e-04
128,128,70,../data/initial.dat,../data/final_serial.dat,disabled,6.484985352e-05,5.280971527e-04,2.050399780e-04,8.020401001e-04
128,128,70,../data/initial.dat,../data/final_serial.dat,disabled,5.698204041e-05,6.020069122e-04,1.771450043e-04,8.401870728e-04
128,128,70,../data/initial.dat,../data/final_serial.dat,disabled,5.507469177e-05,5.311965942e-04,1.499652863e-04,7.390975952e-04
128,128,70,../data/initial.dat,../data/final_serial.dat,disabled,5.412101746e-05,5.278587341e-04,1.571178436e-04,7.431507111e-04
128,128,90,../data/initial.dat,../data/final_serial.dat,disabled,6.389617920e-05,7.150173187e-04,2.038478851e-04,9.868144989e-04
128,128,90,../data/initial.dat,../data/final_serial.dat,disabled,6.508827209e-05,6.868839264e-04,1.055955887e-03,1.811981201e-03
128,128,90,../data/initial.dat,../data/final_serial.dat,disabled,6.318092346e-05,7.019042969e-04,2.100467682e-04,9.801387787e-04
128,128,90,../data/initial.dat,../data/final_serial.dat,disabled,5.388259888e-05,6.620883942e-04,1.587867737e-04,8.788108826e-04
128,128,90,../data/initial.dat,../data/final_serial.dat,disabled,5.912780762e-05,7.069110870e-04,1.618862152e-04,9.319782257e-04
128,128,110,../data/initial.dat,../data/final_serial.dat,disabled,7.200241089e-05,8.301734924e-04,1.888275146e-04,1.095771790e-03
128,128,110,../data/initial.dat,../data/final_serial.dat,disabled,6.198883057e-05,8.189678192e-04,1.730918884e-04,1.059055328e-03
128,128,110,../data/initial.dat,../data/final_serial.dat,disabled,4.696846008e-05,8.311271667e-04,1.559257507e-04,1.037836075e-03
128,128,110,../data/initial.dat,../data/final_serial.dat,disabled,6.794929504e-05,8.518695831e-04,1.549720764e-04,1.079797745e-03
128,128,110,../data/initial.dat,../data/final_serial.dat,disabled,5.698204041e-05,8.199214935e-04,1.718997955e-04,1.052856445e-03
128,128,130,../data/initial.dat,../data/final_serial.dat,disabled,6.508827209e-05,9.629726410e-04,1.740455627e-04,1.206159592e-03
128,128,130,../data/initial.dat,../data/final_serial.dat,disabled,5.912780762e-05,9.770393372e-04,1.730918884e-04,1.213073730e-03
128,128,130,../data/initial.dat,../data/final_serial.dat,disabled,6.079673767e-05,9.570121765e-04,2.000331879e-04,1.221895218e-03
128,128,130,../data/initial.dat,../data/final_serial.dat,disabled,5.412101746e-05,9.601116180e-04,1.518726349e-04,1.168966293e-03
128,128,130,../data/initial.dat,../data/final_serial.dat,disabled,5.197525024e-05,9.500980377e-04,1.790523529e-04,1.184940338e-03
128,128,150,../data/initial.dat,../data/final_serial.dat,disabled,6.413459778e-05,1.106977463e-03,1.850128174e-04,1.358985901e-03
128,128,150,../data/initial.dat,../data/final_serial.dat,disabled,6.103515625e-05,1.139879227e-03,1.850128174e-04,1.389980316e-03
128,128,150,../data/initial.dat,../data/final_serial.dat,disabled,5.793571472e-05,1.096010208e-03,1.900196075e-04,1.348018646e-03
128,128,150,../data/initial.dat,../data/final_serial.dat,disabled,5.507469177e-05,1.098871231e-03,2.160072327e-04,1.374006271e-03
128,128,150,../data/initial.dat,../data/final_serial.dat,disabled,5.197525024e-05,1.106977463e-03,1.728534698e-04,1.335859299e-03
128,128,170,../data/initial.dat,../data/final_serial.dat,disabled,6.294250488e-05,1.235008240e-03,1.778602600e-04,1.479864120e-03
128,128,170,../data/initial.dat,../data/final_serial.dat,disabled,6.103515625e-05,1.231908798e-03,1.699924469e-04,1.466989517e-03
128,128,170,../data/initial.dat,../data/final_serial.dat,disabled,6.484985352e-05,1.240968704e-03,1.740455627e-04,1.483917236e-03
128,128,170,../data/initial.dat,../data/final_serial.dat,disabled,5.602836609e-05,1.228094101e-03,1.699924469e-04,1.457929611e-03
128,128,170,../data/initial.dat,../data/final_serial.dat,disabled,6.103515625e-05,1.410961151e-03,1.749992371e-04,1.651048660e-03
128,128,190,../data/initial.dat,../data/final_serial.dat,disabled,6.198883057e-05,1.386165619e-03,1.749992371e-04,1.627206802e-03
128,128,190,../data/initial.dat,../data/final_serial.dat,disabled,7.009506226e-05,1.880168915e-03,1.649856567e-04,2.119064331e-03
128,128,190,../data/initial.dat,../data/final_serial.dat,disabled,5.698204041e-05,1.387119293e-03,2.288818359e-04,1.676797867e-03
128,128,190,../data/initial.dat,../data/final_serial.dat,disabled,4.911422729e-05,1.377105713e-03,1.740455627e-04,1.603126526e-03
128,128,190,../data/initial.dat,../data/final_serial.dat,disabled,5.602836609e-05,1.399993896e-03,1.459121704e-04,1.605033875e-03
192,192,10,../data/initial.dat,../data/final_serial.dat,disabled,1.158714294e-04,2.219676971e-04,2.439022064e-04,5.857944489e-04
192,192,10,../data/initial.dat,../data/final_serial.dat,disabled,1.201629639e-04,2.150535583e-04,2.460479736e-04,5.850791931e-04
192,192,10,../data/initial.dat,../data/final_serial.dat,disabled,1.549720764e-04,2.501010895e-04,2.579689026e-04,6.680488586e-04
192,192,10,../data/initial.dat,../data/final_serial.dat,disabled,1.640319824e-04,3.118515015e-04,2.441406250e-04,7.240772247e-04
192,192,10,../data/initial.dat,../data/final_serial.dat,disabled,9.608268738e-05,2.839565277e-04,2.269744873e-04,6.110668182e-04
192,192,30,../data/initial.dat,../data/final_serial.dat,disabled,1.099109650e-04,5.898475647e-04,2.291202545e-04,9.319782257e-04
192,192,30,../data/initial.dat,../data/final_serial.dat,disabled,9.894371033e-05,5.779266357e-04,2.291202545e-04,9.100437164e-04
192,192,30,../data/initial.dat,../data/final_serial.dat,disabled,1.099109650e-04,5.419254303e-04,2.679824829e-04,9.238719940e-04
192,192,30,../data/initial.dat,../data/final_serial.dat,disabled,9.298324585e-05,5.779266357e-04,2.138614655e-04,8.878707886e-04
192,192,30,../data/initial.dat,../data/final_serial.dat,disabled,9.202957153e-05,5.700588226e-04,2.160072327e-04,8.821487427e-04
192,192,50,../data/initial.dat,../data/final_serial.dat,disabled,1.010894775e-04,9.598731995e-04,2.300739288e-04,1.296043396e-03
192,192,50,../data/initial.dat,../data/final_serial.dat,disabled,1.089572906e-04,8.599758148e-04,2.210140228e-04,1.194000244e-03
192,192,50,../data/initial.dat,../data/final_serial.dat,disabled,9.608268738e-05,8.718967438e-04,2.310276031e-04,1.203060150e-03
192,192,50,../data/initial.dat,../data/final_serial.dat,disabled,9.298324585e-05,8.690357208e-04,2.238750458e-04,1.189947128e-03
192,192,50,../data/initial.dat,../data/final_serial.dat,disabled,1.029968262e-04,8.459091187e-04,2.639293671e-04,1.217842102e-03
192,192,70,../data/initial.dat,../data/final_serial.dat,disabled,1.099109650e-04,1.708984375e-03,2.260208130e-04,2.048969269e-03
192,192,70,../data/initial.dat,../data/final_serial.dat,disabled,1.130104065e-04,1.240015030e-03,2.348423004e-04,1.591920853e-03
192,192,70,../data/initial.dat,../data/final_serial.dat,disabled,1.199245453e-04,1.291990280e-03,2.250671387e-04,1.641035080e-03
192,192,70,../data/initial.dat,../data/final_serial.dat,disabled,1.170635223e-04,1.181125641e-03,2.369880676e-04,1.538991928e-03
192,192,70,../data/initial.dat,../data/final_serial.dat,disabled,1.058578491e-04,1.183032990e-03,2.751350403e-04,1.569032669e-03
192,192,90,../data/initial.dat,../data/final_serial.dat,disabled,1.208782196e-04,1.543998718e-03,2.598762512e-04,1.928806305e-03
192,192,90,../data/initial.dat,../data/final_serial.dat,disabled,1.239776611e-04,1.526832581e-03,2.460479736e-04,1.899957657e-03
192,192,90,../data/initial.dat,../data/final_serial.dat,disabled,1.080036163e-04,1.652956009e-03,2.269744873e-04,1.991033554e-03
192,192,90,../data/initial.dat,../data/final_serial.dat,disabled,1.120567322e-04,1.539945602e-03,2.279281616e-04,1.883029938e-03
192,192,90,../data/initial.dat,../data/final_serial.dat,disabled,9.202957153e-05,1.488924026e-03,2.210140228e-04,1.807212830e-03
192,192,110,../data/initial.dat,../data/final_serial.dat,disabled,1.158714294e-04,2.007007599e-03,2.319812775e-04,2.358913422e-03
192,192,110,../data/initial.dat,../data/final_serial.dat,disabled,1.239776611e-04,1.812934875e-03,2.269744873e-04,2.167940140e-03
192,192,110,../data/initial.dat,../data/final_serial.dat,disabled,1.089572906e-04,1.991987228e-03,2.238750458e-04,2.328872681e-03
192,192,110,../data/initial.dat,../data/final_serial.dat,disabled,1.101493835e-04,2.021789551e-03,2.272129059e-04,2.363204956e-03
192,192,110,../data/initial.dat,../data/final_serial.dat,disabled,1.080036163e-04,2.131938934e-03,2.200603485e-04,2.464056015e-03
192,192,130,../data/initial.dat,../data/final_serial.dat,disabled,1.139640808e-04,2.135992050e-03,2.458095551e-04,2.499818802e-03
192,192,130,../data/initial.dat,../data/final_serial.dat,disabled,1.499652863e-04,2.172946930e-03,2.470016479e-04,2.574920654e-03
192,192,130,../data/initial.dat,../data/final_serial.dat,disabled,1.111030579e-04,2.173900604e-03,2.329349518e-04,2.521038055e-03
192,192,130,../data/initial.dat,../data/final_serial.dat,disabled,9.703636169e-05,2.345800400e-03,4.210472107e-04,2.867937088e-03
192,192,130,../data/initial.dat,../data/final_serial.dat,disabled,1.180171967e-04,2.138853073e-03,2.100467682e-04,2.470970154e-03
192,192,150,../data/initial.dat,../data/final_serial.dat,disabled,1.120567322e-04,2.490043640e-03,2.419948578e-04,2.848148346e-03
192,192,150,../data/initial.dat,../data/final_serial.dat,disabled,1.349449158e-04,2.496957779e-03,2.970695496e-04,2.933979034e-03
192,192,150,../data/initial.dat,../data/final_serial.dat,disabled,1.130104065e-04,2.467870712e-03,2.431869507e-04,2.828121185e-03
192,192,150,../data/initial.dat,../data/final_serial.dat,disabled,1.010894775e-04,2.703905106e-03,2.369880676e-04,3.046035767e-03
192,192,150,../data/initial.dat,../data/final_serial.dat,disabled,9.179115295e-05,2.659082413e-03,2.260208130e-04,2.981901169e-03
192,192,170,../data/initial.dat,../data/final_serial.dat,disabled,1.130104065e-04,3.005981445e-03,2.429485321e-04,3.365993500e-03
192,192,170,../data/initial.dat,../data/final_serial.dat,disabled,1.349449158e-04,2.771854401e-03,2.272129059e-04,3.137111664e-03
192,192,170,../data/initial.dat,../data/final_serial.dat,disabled,1.111030579e-04,2.830982208e-03,2.288818359e-04,3.175020218e-03
192,192,170,../data/initial.dat,../data/final_serial.dat,disabled,1.268386841e-04,2.999067307e-03,2.050399780e-04,3.334999084e-03
192,192,170,../data/initial.dat,../data/final_serial.dat,disabled,1.039505005e-04,2.812147141e-03,2.129077911e-04,3.133058548e-03
192,192,190,../data/initial.dat,../data/final_serial.dat,disabled,1.161098480e-04,3.234863281e-03,2.551078796e-04,3.610134125e-03
192,192,190,../data/initial.dat,../data/final_serial.dat,disabled,1.108646393e-04,3.079891205e-03,2.272129059e-04,3.422021866e-03
192,192,190,../data/initial.dat,../data/final_serial.dat,disabled,1.718997955e-04,3.098011017e-03,2.238750458e-04,3.497838974e-03
192,192,190,../data/initial.dat,../data/final_serial.dat,disabled,1.060962677e-04,3.109931946e-03,2.200603485e-04,3.440141678e-03
192,192,190,../data/initial.dat,../data/final_serial.dat,disabled,9.703636169e-05,3.861904144e-03,2.229213715e-04,4.185914993e-03
256,256,10,../data/initial.dat,../data/final_serial.dat,disabled,2.050399780e-04,4.210472107e-04,3.418922424e-04,9.720325470e-04
256,256,10,../data/initial.dat,../data/final_serial.dat,disabled,1.921653748e-04,3.921985626e-04,1.294851303e-03,1.883029938e-03
256,256,10,../data/initial.dat,../data/final_serial.dat,disabled,1.680850983e-04,4.029273987e-04,3.082990646e-03,3.658056259e-03
256,256,10,../data/initial.dat,../data/final_serial.dat,disabled,1.800060272e-04,3.948211670e-04,3.443002701e-03,4.021883011e-03
256,256,10,../data/initial.dat,../data/final_serial.dat,disabled,1.630783081e-04,4.010200500e-04,3.068447113e-04,8.749961853e-04
256,256,30,../data/initial.dat,../data/final_serial.dat,disabled,1.800060272e-04,1.061916351e-03,3.530979156e-04,1.600027084e-03
256,256,30,../data/initial.dat,../data/final_serial.dat,disabled,1.809597015e-04,9.689331055e-04,3.499984741e-04,1.503944397e-03
256,256,30,../data/initial.dat,../data/final_serial.dat,disabled,1.649856567e-04,9.930133820e-04,3.638267517e-04,1.525878906e-03
256,256,30,../data/initial.dat,../data/final_serial.dat,disabled,1.549720764e-04,1.021862030e-03,3.168582916e-04,1.498937607e-03
256,256,30,../data/initial.dat,../data/final_serial.dat,disabled,1.530647278e-04,1.079797745e-03,3.111362457e-04,1.548051834e-03
256,256,50,../data/initial.dat,../data/final_serial.dat,disabled,1.809597015e-04,1.571178436e-03,3.228187561e-04,2.078771591e-03
256,256,50,../data/initial.dat,../data/final_serial.dat,disabled,1.759529114e-04,1.514911652e-03,3.280639648e-04,2.023935318e-03
256,256,50,../data/initial.dat,../data/final_serial.dat,disabled,1.668930054e-04,1.492023468e-03,3.421306610e-04,2.005100250e-03
256,256,50,../data/initial.dat,../data/final_serial.dat,disabled,1.559257507e-04,1.592874527e-03,3.049373627e-04,2.057790756e-03
256,256,50,../data/initial.dat,../data/final_serial.dat,disabled,1.850128174e-04,1.603126526e-03,3.018379211e-04,2.095937729e-03
256,256,70,../data/initial.dat,../data/final_serial.dat,disabled,1.721382141e-04,2.140998840e-03,3.240108490e-04,2.640962601e-03
256,256,70,../data/initial.dat,../data/final_serial.dat,disabled,1.871585846e-04,2.030134201e-03,3.349781036e-04,2.555131912e-03
256,256,70,../data/initial.dat,../data/final_serial.dat,disabled,1.659393311e-04,2.256870270e-03,3.390312195e-04,2.765893936e-03
256,256,70,../data/initial.dat,../data/final_serial.dat,disabled,2.009868622e-04,2.082109451e-03,3.728866577e-04,2.659797668e-03
256,256,70,../data/initial.dat,../data/final_serial.dat,disabled,1.358985901e-04,2.050876617e-03,3.111362457e-04,2.501964569e-03
256,256,90,../data/initial.dat,../data/final_serial.dat,disabled,3.430843353e-04,3.092050552e-03,3.700256348e-04,3.810167313e-03
256,256,90,../data/initial.dat,../data/final_serial.dat,disabled,2.150535583e-04,3.094911575e-03,4.439353943e-04,3.757953644e-03
256,256,90,../data/initial.dat,../data/final_serial.dat,disabled,2.360343933e-04,2.620935440e-03,3.130435944e-04,3.174066544e-03
256,256,90,../data/initial.dat,../data/final_serial.dat,disabled,1.769065857e-04,2.938032150e-03,1.986026764e-03,5.105018616e-03
256,256,90,../data/initial.dat,../data/final_serial.dat,disabled,1.339912415e-04,2.593994141e-03,7.851123810e-04,3.517150879e-03
256,256,110,../data/initial.dat,../data/final_serial.dat,disabled,1.838207245e-04,3.425121307e-03,3.628730774e-04,3.976821899e-03
256,256,110,../data/initial.dat,../data/final_serial.dat,disabled,1.840591431e-04,3.556013107e-03,3.468990326e-04,4.091978073e-03
256,256,110,../data/initial.dat,../data/final_serial.dat,disabled,1.749992371e-04,3.268003464e-03,3.340244293e-04,3.781080246e-03
256,256,110,../data/initial.dat,../data/final_serial.dat,disabled,1.509189606e-04,3.260850906e-03,3.130435944e-04,3.728866577e-03
256,256,110,../data/initial.dat,../data/final_serial.dat,disabled,1.759529114e-04,3.365039825e-03,3.359317780e-04,3.880977631e-03
256,256,130,../data/initial.dat,../data/final_serial.dat,disabled,2.210140228e-04,3.911972046e-03,3.528594971e-04,4.490852356e-03
256,256,130,../data/initial.dat,../data/final_serial.dat,disabled,1.869201660e-04,4.159927368e-03,3.530979156e-04,4.705190659e-03
256,256,130,../data/initial.dat,../data/final_serial.dat,disabled,1.709461212e-04,3.764867783e-03,3.321170807e-04,4.271984100e-03
256,256,130,../data/initial.dat,../data/final_serial.dat,disabled,1.761913300e-04,3.710031509e-03,5.729198456e-04,4.462003708e-03
256,256,130,../data/initial.dat,../data/final_serial.dat,disabled,1.978874207e-04,3.871917725e-03,4.580020905e-04,4.532814026e-03
256,256,150,../data/initial.dat,../data/final_serial.dat,disabled,1.809597015e-04,4.893064499e-03,3.759860992e-04,5.455017090e-03
256,256,150,../data/initial.dat,../data/final_serial.dat,disabled,1.881122589e-04,4.369020462e-03,3.302097321e-04,4.895210266e-03
256,256,150,../data/initial.dat,../data/final_serial.dat,disabled,1.690387726e-04,4.339933395e-03,3.280639648e-04,4.841089249e-03
256,256,150,../data/initial.dat,../data/final_serial.dat,disabled,1.671314240e-04,4.529953003e-03,3.230571747e-04,5.023002625e-03
256,256,150,../data/initial.dat,../data/final_serial.dat,disabled,1.559257507e-04,4.709005356e-03,4.940032959e-04,5.363941193e-03
256,256,170,../data/initial.dat,../data/final_serial.dat,disabled,4.150867462e-04,1.156687737e-02,5.300045013e-04,1.252102852e-02
256,256,170,../data/initial.dat,../data/final_serial.dat,disabled,4.889965057e-04,5.662918091e-03,5.199909210e-04,6.682872772e-03
256,256,170,../data/initial.dat,../data/final_serial.dat,disabled,2.250671387e-04,5.326986313e-03,4.689693451e-04,6.026029587e-03
256,256,170,../data/initial.dat,../data/final_serial.dat,disabled,2.989768982e-04,5.356073380e-03,5.040168762e-04,6.165027618e-03
256,256,170,../data/initial.dat,../data/final_serial.dat,disabled,2.431869507e-04,5.167007446e-03,3.790855408e-04,5.794048309e-03
256,256,190,../data/initial.dat,../data/final_serial.dat,disabled,1.978874207e-04,6.299972534e-03,4.339218140e-04,6.936788559e-03
256,256,190,../data/initial.dat,../data/final_serial.dat,disabled,2.169609070e-04,5.445957184e-03,6.530284882e-04,6.320953369e-03
256,256,190,../data/initial.dat,../data/final_serial.dat,disabled,2.031326294e-04,5.830049515e-03,3.871917725e-04,6.425142288e-03
256,256,190,../data/initial.dat,../data/final_serial.dat,disabled,1.871585846e-04,5.502939224e-03,3.499984741e-04,6.044149399e-03
256,256,190,../data/initial.dat,../data/final_serial.dat,disabled,1.869201660e-04,5.660057068e-03,3.550052643e-04,6.206035614e-03
