N,P,avg_time,median_time,stdev_time,speedup,efficiency
100000,1,0.006935,0.006747,0.000298,1.000000,1.000000
100000,2,0.003967,0.003896,0.000220,1.748294,0.874147
100000,3,0.002827,0.002838,0.000096,2.452762,0.817587
100000,4,0.002356,0.002332,0.000117,2.942977,0.735744
100000,5,0.002023,0.002042,0.000103,3.427364,0.685473
100000,6,0.001775,0.001752,0.000084,3.907094,0.651182
100000,7,0.002001,0.001972,0.000262,3.464976,0.494997
100000,8,0.001674,0.001665,0.000135,4.142218,0.517777
100000,9,0.001842,0.001860,0.000078,3.763936,0.418215
100000,10,0.001775,0.001784,0.000106,3.907374,0.390737
100000,11,0.001720,0.001729,0.000025,4.032911,0.366628
100000,12,0.001727,0.001742,0.000067,4.015161,0.334597
100000,13,0.001595,0.001600,0.000037,4.346882,0.334376
100000,14,0.001587,0.001587,0.000034,4.370855,0.312204
100000,15,0.001548,0.001538,0.000065,4.479133,0.298609
100000,16,0.001496,0.001475,0.000055,4.635395,0.289712
100000,17,0.001618,0.001578,0.000102,4.286138,0.252126
100000,18,0.001574,0.001516,0.000111,4.406632,0.244813
100000,19,0.001580,0.001587,0.000096,4.388368,0.230967
100000,20,0.001591,0.001606,0.000053,4.358809,0.217940
200000,1,0.012845,0.012873,0.000140,1.000000,1.000000
200000,2,0.006904,0.006863,0.000202,1.860542,0.930271
200000,3,0.005049,0.004758,0.000752,2.544206,0.848069
200000,4,0.003923,0.003907,0.000127,3.273968,0.818492
200000,5,0.003324,0.003317,0.000077,3.864594,0.772919
200000,6,0.003027,0.002991,0.000130,4.244014,0.707336
200000,7,0.002660,0.002713,0.000168,4.829014,0.689859
200000,8,0.002368,0.002370,0.000079,5.423616,0.677952
200000,9,0.002753,0.002771,0.000083,4.665686,0.518410
200000,10,0.002567,0.002557,0.000075,5.002988,0.500299
200000,11,0.002568,0.002577,0.000056,5.001274,0.454661
200000,12,0.002507,0.002507,0.000043,5.123740,0.426978
200000,13,0.002488,0.002499,0.000073,5.162232,0.397095
200000,14,0.002332,0.002292,0.000096,5.508991,0.393499
200000,15,0.002338,0.002323,0.000129,5.493446,0.366230
200000,16,0.002241,0.002208,0.000069,5.732274,0.358267
200000,17,0.002215,0.002219,0.000060,5.799262,0.341133
200000,18,0.002206,0.002196,0.000140,5.822545,0.323475
200000,19,0.002117,0.002080,0.000097,6.067582,0.319346
200000,20,0.002054,0.002038,0.000045,6.254180,0.312709
400000,1,0.025357,0.025241,0.000540,1.000000,1.000000
400000,2,0.013194,0.013112,0.000216,1.921804,0.960902
400000,3,0.009034,0.009052,0.000160,2.806818,0.935606
400000,4,0.007057,0.007055,0.000218,3.593193,0.898298
400000,5,0.005879,0.005828,0.000204,4.313042,0.862608
400000,6,0.005246,0.005253,0.000184,4.833989,0.805665
400000,7,0.004520,0.004360,0.000364,5.609686,0.801384
400000,8,0.004664,0.005028,0.000534,5.436401,0.679550
400000,9,0.004451,0.004566,0.000167,5.696588,0.632954
400000,10,0.004276,0.004251,0.000052,5.929880,0.592988
400000,11,0.004216,0.004157,0.000140,6.014774,0.546798
400000,12,0.004066,0.003872,0.000379,6.236124,0.519677
400000,13,0.003865,0.003823,0.000186,6.560644,0.504665
400000,14,0.003537,0.003561,0.000139,7.169264,0.512090
400000,15,0.003485,0.003498,0.000092,7.276798,0.485120
400000,16,0.003515,0.003450,0.000118,7.213640,0.450853
400000,17,0.003320,0.003319,0.000031,7.637123,0.449243
400000,18,0.003248,0.003251,0.000059,7.807346,0.433741
400000,19,0.003165,0.003156,0.000076,8.012074,0.421688
400000,20,0.003180,0.003159,0.000080,7.974719,0.398736
800000,1,0.050609,0.050962,0.000927,1.000000,1.000000
800000,2,0.025641,0.025787,0.000272,1.973739,0.986869
800000,3,0.017656,0.017642,0.000182,2.866399,0.955466
800000,4,0.013175,0.013241,0.000118,3.841189,0.960297
800000,5,0.010738,0.010648,0.000218,4.713031,0.942606
800000,6,0.009189,0.009187,0.000260,5.507258,0.917876
800000,7,0.008464,0.008444,0.000162,5.979037,0.854148
800000,8,0.008009,0.007954,0.000179,6.319228,0.789903
800000,9,0.008155,0.008319,0.000420,6.205812,0.689535
800000,10,0.007588,0.007722,0.000444,6.669356,0.666936
800000,11,0.007267,0.007239,0.000093,6.963894,0.633081
800000,12,0.007003,0.006956,0.000284,7.226236,0.602186
800000,13,0.006561,0.006522,0.000183,7.712999,0.593308
800000,14,0.006329,0.006412,0.000159,7.995746,0.571125
800000,15,0.005962,0.005984,0.000115,8.488324,0.565888
800000,16,0.005684,0.005670,0.000083,8.903443,0.556465
800000,17,0.005563,0.005559,0.000118,9.097168,0.535128
800000,18,0.005358,0.005372,0.000065,9.445006,0.524723
800000,19,0.005189,0.005142,0.000122,9.752733,0.513302
800000,20,0.004998,0.004983,0.000032,10.125012,0.506251
1600000,1,0.098405,0.098675,0.000822,1.000000,1.000000
1600000,2,0.050214,0.050225,0.000505,1.959697,0.979849
1600000,3,0.033546,0.033453,0.000314,2.933416,0.977805
1600000,4,0.025296,0.025190,0.000326,3.890097,0.972524
1600000,5,0.021056,0.021130,0.000377,4.673441,0.934688
1600000,6,0.017778,0.017574,0.000481,5.535064,0.922511
1600000,7,0.015555,0.015386,0.000676,6.326351,0.903764
1600000,8,0.014416,0.014258,0.000359,6.825866,0.853233
1600000,9,0.014610,0.014165,0.001040,6.735261,0.748362
1600000,10,0.014199,0.014505,0.000682,6.930362,0.693036
1600000,11,0.013239,0.013291,0.000238,7.433021,0.675729
1600000,12,0.012731,0.012705,0.000233,7.729660,0.644138
1600000,13,0.011626,0.011520,0.000189,8.464304,0.651100
1600000,14,0.011222,0.011221,0.000205,8.768922,0.626352
1600000,15,0.010735,0.010704,0.000316,9.166835,0.611122
1600000,16,0.010363,0.010357,0.000084,9.495501,0.593469
1600000,17,0.010007,0.010041,0.000181,9.833767,0.578457
1600000,18,0.009552,0.009540,0.000130,10.302117,0.572340
1600000,19,0.009270,0.009267,0.000050,10.615330,0.558702
1600000,20,0.008978,0.008997,0.000093,10.961219,0.548061
3200000,1,0.199215,0.199351,0.002006,1.000000,1.000000
3200000,2,0.098956,0.098886,0.000401,2.013161,1.006581
3200000,3,0.065869,0.065733,0.000344,3.024422,1.008141
3200000,4,0.050004,0.049980,0.000404,3.984018,0.996004
3200000,5,0.040309,0.040096,0.000372,4.942252,0.988450
3200000,6,0.034180,0.034140,0.000391,5.828440,0.971407
3200000,7,0.029965,0.030227,0.000734,6.648306,0.949758
3200000,8,0.028734,0.028664,0.001317,6.933034,0.866629
3200000,9,0.027934,0.028141,0.000834,7.131666,0.792407
3200000,10,0.027190,0.028053,0.001344,7.326911,0.732691
3200000,11,0.024656,0.024131,0.001479,8.079650,0.734514
3200000,12,0.023644,0.023986,0.000821,8.425518,0.702126
3200000,13,0.022569,0.022521,0.000232,8.826896,0.678992
3200000,14,0.021585,0.021689,0.000216,9.229311,0.659236
3200000,15,0.020254,0.020373,0.000305,9.835803,0.655720
3200000,16,0.019541,0.019657,0.000532,10.194913,0.637182
3200000,17,0.018492,0.018533,0.000208,10.772930,0.633702
3200000,18,0.018052,0.018200,0.000301,11.035417,0.613079
3200000,19,0.017328,0.017348,0.000208,11.496802,0.605095
3200000,20,0.016647,0.016713,0.000215,11.967268,0.598363
6400000,1,0.391304,0.391341,0.003970,1.000000,1.000000
6400000,2,0.197305,0.197347,0.001121,1.983244,0.991622
6400000,3,0.131229,0.131304,0.000331,2.981843,0.993948
6400000,4,0.098211,0.098171,0.000116,3.984333,0.996083
6400000,5,0.079316,0.079230,0.000457,4.933497,0.986699
6400000,6,0.067334,0.067362,0.000590,5.811350,0.968558
6400000,7,0.058230,0.058026,0.000545,6.720000,0.960000
6400000,8,0.052570,0.052638,0.001022,7.443522,0.930440
6400000,9,0.051716,0.050906,0.001638,7.566383,0.840709
6400000,10,0.050807,0.050856,0.002097,7.701699,0.770170
6400000,11,0.049162,0.049085,0.001579,7.959428,0.723584
6400000,12,0.046348,0.046595,0.001245,8.442691,0.703558
6400000,13,0.042901,0.042505,0.000937,9.121022,0.701617
6400000,14,0.041291,0.041292,0.000514,9.476851,0.676918
6400000,15,0.039069,0.039171,0.000729,10.015776,0.667718
6400000,16,0.037690,0.037515,0.000423,10.382257,0.648891
6400000,17,0.035482,0.035697,0.000480,11.028105,0.648712
6400000,18,0.034756,0.034766,0.000434,11.258708,0.625484
6400000,19,0.033029,0.033307,0.000471,11.847267,0.623540
6400000,20,0.031777,0.031603,0.000336,12.314058,0.615703
12800000,1,0.791021,0.794508,0.009147,1.000000,1.000000
12800000,2,0.389947,0.389764,0.000979,2.028534,1.014267
12800000,3,0.260717,0.260073,0.001502,3.034025,1.011342
12800000,4,0.197081,0.196293,0.001242,4.013677,1.003419
12800000,5,0.158110,0.157990,0.001050,5.002975,1.000595
12800000,6,0.134043,0.133621,0.001317,5.901263,0.983544
12800000,7,0.115332,0.115168,0.000560,6.858656,0.979808
12800000,8,0.105766,0.106202,0.000792,7.478981,0.934873
12800000,9,0.101568,0.101236,0.001922,7.788122,0.865347
12800000,10,0.098477,0.097842,0.004662,8.032587,0.803259
12800000,11,0.096130,0.095312,0.002461,8.228642,0.748058
12800000,12,0.089261,0.089476,0.002249,8.861880,0.738490
12800000,13,0.084193,0.085385,0.002550,9.395337,0.722718
12800000,14,0.080301,0.079777,0.000842,9.850678,0.703620
12800000,15,0.076196,0.076113,0.001260,10.381368,0.692091
12800000,16,0.073395,0.073762,0.001282,10.777608,0.673601
12800000,17,0.070050,0.070029,0.000497,11.292288,0.664252
12800000,18,0.067594,0.067338,0.000447,11.702480,0.650138
12800000,19,0.064662,0.064708,0.000363,12.233173,0.643851
12800000,20,0.062360,0.062584,0.000782,12.684732,0.634237
25600000,1,1.562250,1.558987,0.008429,1.000000,1.000000
25600000,2,0.778124,0.777187,0.002090,2.007713,1.003856
25600000,3,0.525528,0.522300,0.007491,2.972722,0.990907
25600000,4,0.392004,0.391803,0.001674,3.985289,0.996322
25600000,5,0.316182,0.316555,0.001249,4.940979,0.988196
25600000,6,0.266002,0.265959,0.000900,5.873066,0.978844
25600000,7,0.231265,0.231289,0.000870,6.755234,0.965033
25600000,8,0.207528,0.206721,0.002023,7.527898,0.940987
25600000,9,0.199189,0.199404,0.002257,7.843065,0.871452
25600000,10,0.188764,0.186976,0.003311,8.276205,0.827620
25600000,11,0.180596,0.179296,0.005344,8.650510,0.786410
25600000,12,0.172580,0.172574,0.004678,9.052336,0.754361
25600000,13,0.162339,0.162735,0.001969,9.623360,0.740258
25600000,14,0.157327,0.156653,0.006628,9.929953,0.709282
25600000,15,0.152083,0.152411,0.000777,10.272381,0.684825
25600000,16,0.144162,0.145063,0.004638,10.836747,0.677297
25600000,17,0.135783,0.137178,0.002683,11.505528,0.676796
25600000,18,0.132232,0.132550,0.002181,11.814448,0.656358
25600000,19,0.126265,0.127027,0.001683,12.372795,0.651200
25600000,20,0.121119,0.121172,0.001574,12.898437,0.644922
51200000,1,3.195596,3.169996,0.046483,1.000000,1.000000
51200000,2,1.594450,1.590073,0.008720,2.004200,1.002100
51200000,3,1.051689,1.052249,0.004527,3.038536,1.012845
51200000,4,0.783454,0.785302,0.002940,4.078857,1.019714
51200000,5,0.639188,0.641647,0.005575,4.999464,0.999893
51200000,6,0.539115,0.534602,0.007576,5.927488,0.987915
51200000,7,0.466528,0.463161,0.009888,6.849746,0.978535
51200000,8,0.408773,0.408307,0.002393,7.817539,0.977192
51200000,9,0.392406,0.391680,0.006981,8.143602,0.904845
51200000,10,0.376435,0.374046,0.005915,8.489103,0.848910
51200000,11,0.353663,0.352353,0.008917,9.035713,0.821428
51200000,12,0.331342,0.334389,0.007005,9.644410,0.803701
51200000,13,0.317810,0.318512,0.004603,10.055061,0.773466
51200000,14,0.303260,0.301134,0.007019,10.537475,0.752677
51200000,15,0.298717,0.295227,0.007382,10.697753,0.713184
51200000,16,0.280529,0.281288,0.003920,11.391313,0.711957
51200000,17,0.269425,0.269658,0.001559,11.860810,0.697695
51200000,18,0.256472,0.256127,0.000802,12.459832,0.692213
51200000,19,0.247164,0.246535,0.003475,12.929071,0.680477
51200000,20,0.240345,0.242708,0.004142,13.295876,0.664794
66400000,1,4.055636,4.054782,0.013687,1.000000,1.000000
66400000,2,2.059858,2.061450,0.013416,1.968891,0.984445
66400000,3,1.360065,1.359612,0.002857,2.981942,0.993981
66400000,4,1.024247,1.020844,0.005460,3.959625,0.989906
66400000,5,0.822200,0.822547,0.003075,4.932661,0.986532
66400000,6,0.688981,0.688253,0.002089,5.886422,0.981070
66400000,7,0.598045,0.597490,0.002095,6.781494,0.968785
66400000,8,0.536876,0.535481,0.003528,7.554137,0.944267
66400000,9,0.507385,0.505979,0.005886,7.993207,0.888134
66400000,10,0.478392,0.475403,0.006087,8.477637,0.847764
66400000,11,0.453965,0.454589,0.008204,8.933799,0.812164
66400000,12,0.433235,0.428171,0.011484,9.361294,0.780108
66400000,13,0.409764,0.411582,0.009705,9.897501,0.761346
66400000,14,0.389691,0.387579,0.011950,10.407312,0.743379
66400000,15,0.373822,0.373409,0.008966,10.849097,0.723273
66400000,16,0.359984,0.361868,0.007291,11.266158,0.704135
66400000,17,0.348089,0.347849,0.003527,11.651140,0.685361
66400000,18,0.333797,0.332636,0.003423,12.149999,0.675000
66400000,19,0.322861,0.322923,0.002436,12.561543,0.661134
66400000,20,0.308967,0.309962,0.003270,13.126456,0.656323
