N,P,trial,elapsed_seconds,absorbed,transmitted,reflected
100000,1,0,0.007145286000195483,46585,23386,30029
100000,1,1,0.007354884000051243,46471,23091,30438
100000,1,2,0.0067466000000422355,46534,23252,30214
100000,1,3,0.0066990240002269275,46689,23328,29983
100000,1,4,0.006728812999881484,46600,23002,30398
100000,2,0,0.004281949999949575,46633,23347,30020
100000,2,1,0.004066620000230614,46465,23263,30272
100000,2,2,0.0036933009996573674,46640,23159,30201
100000,2,3,0.003896268000062264,46577,23234,30189
100000,2,4,0.0038952549998612085,46702,22876,30422
100000,3,0,0.002837508000084199,46707,23320,29973
100000,3,1,0.0027460579999569745,46392,23427,30181
100000,3,2,0.0029388380003183556,46544,23314,30142
100000,3,3,0.002714908000143623,46694,23185,30121
100000,3,4,0.0028996490000281483,46614,22927,30459
100000,4,0,0.002512614000352187,46845,23197,29958
100000,4,1,0.00225207399989813,46495,23473,30032
100000,4,2,0.002331746999971074,46628,23299,30073
100000,4,3,0.002439960999709001,46728,23079,30193
100000,4,4,0.0022457559998656507,46374,23156,30470
100000,5,0,0.002101700999901368,46696,23237,30067
100000,5,1,0.0018827859998964414,46577,23365,30058
100000,5,2,0.0021328349998839258,46719,23084,30197
100000,5,3,0.0020416779998413404,46627,23225,30148
100000,5,4,0.001957988999947702,46373,23207,30420
100000,6,0,0.0017752829999153619,46577,23362,30061
100000,6,1,0.0017190659996231261,46496,23301,30203
100000,6,2,0.001751756999965437,46779,23091,30130
100000,6,3,0.0019175960001120984,46758,23185,30057
100000,6,4,0.0017110789999605913,46362,23313,30325
100000,7,0,0.002112630999818066,46656,23238,30106
100000,7,1,0.0023634580002180883,46589,23210,30201
100000,7,2,0.0019720609998330474,46771,23028,30201
100000,7,3,0.0016528309997738688,46812,23102,30086
100000,7,4,0.0019061889997828985,46332,23310,30358
100000,8,0,0.0018457090000083554,46551,23300,30149
100000,8,1,0.0015814970001883921,46525,23275,30200
100000,8,2,0.0017660050002632488,46680,23121,30199
100000,8,3,0.0016652530002829735,46716,23036,30248
100000,8,4,0.0015125600002647843,46399,23269,30332
100000,9,0,0.0017962629999601631,46619,23314,30067
100000,9,1,0.0019047050000153831,46618,23185,30197
100000,9,2,0.0017327290001958318,46616,23242,30142
100000,9,3,0.00186048200021105,46673,23084,30243
100000,9,4,0.0019181480001861928,46422,23248,30330
100000,10,0,0.0018511590001253353,46524,23433,30043
100000,10,1,0.001600588999735919,46675,23174,30151
100000,10,2,0.001771462000306201,46487,23290,30223
100000,10,3,0.0017838010003288218,46582,23109,30309
100000,10,4,0.001867135999873426,46360,23294,30346
100000,11,0,0.0016848739996930817,46613,23295,30092
100000,11,1,0.0017311490000793128,46764,23050,30186
100000,11,2,0.0017294510003011965,46493,23329,30178
100000,11,3,0.001705246000256011,46666,23004,30330
100000,11,4,0.0017471900000600726,46420,23215,30365
100000,12,0,0.0018019520002781064,46617,23276,30107
100000,12,1,0.0016590459999861196,46755,23068,30177
100000,12,2,0.0017424490001758386,46554,23370,30076
100000,12,3,0.001655973000197264,46658,23033,30309
100000,12,4,0.001776499999778025,46346,23232,30422
100000,13,0,0.0015445929998350039,46623,23211,30166
100000,13,1,0.0016470129999106575,46841,23088,30071
100000,13,2,0.0016055930000220542,46517,23402,30081
100000,13,3,0.0015998819999367697,46682,22948,30370
100000,13,4,0.001579809999839199,46485,23152,30363
100000,14,0,0.0015959209999891755,46621,23195,30184
100000,14,1,0.0015533799996774178,46860,23100,30040
100000,14,2,0.001558005000333651,46546,23431,30023
100000,14,3,0.0015874359996814746,46725,22912,30363
100000,14,4,0.0016383990000576887,46394,23248,30358
100000,15,0,0.0015424029998030164,46578,23269,30153
100000,15,1,0.00165592099983769,46867,23161,29972
100000,15,2,0.0014804339998590876,46667,23407,29926
100000,15,3,0.0015382980000140378,46708,22895,30397
100000,15,4,0.001524309999695106,46387,23292,30321
100000,16,0,0.001517644999694312,46576,23286,30138
100000,16,1,0.001450124999792024,46939,23222,29839
100000,16,2,0.0014745110001967987,46594,23464,29942
100000,16,3,0.0015816939999240276,46684,22861,30455
100000,16,4,0.0014564250000148604,46369,23241,30390
100000,17,0,0.001734648999899946,46487,23342,30171
100000,17,1,0.0015781490001245402,46979,23278,29743
100000,17,2,0.001495855000030133,46601,23459,29940
100000,17,3,0.0017131320000771666,46659,22931,30410
100000,17,4,0.0015681570002925582,46429,23193,30378
100000,18,0,0.0014884550000715535,46597,23300,30103
100000,18,1,0.0017511619998913375,46934,23250,29816
100000,18,2,0.0015158070000325097,46655,23382,29963
100000,18,3,0.0016123440000228584,46617,23005,30378
100000,18,4,0.0015009650001047703,46448,23182,30370
100000,19,0,0.0015380750000986154,46654,23289,30057
100000,19,1,0.0016032510002332856,46891,23254,29855
100000,19,2,0.0017184049997922557,46661,23393,29946
100000,19,3,0.0015871239997977682,46533,23012,30455
100000,19,4,0.0014546259999406175,46382,23195,30423
100000,20,0,0.0016292780001094798,46621,23340,30039
100000,20,1,0.0016492239997205616,46883,23217,29900
100000,20,2,0.0015334429999711574,46672,23408,29920
100000,20,3,0.001605964999725984,46564,23023,30413
100000,20,4,0.001537154000288865,46312,23271,30417
200000,1,0,0.013008359000195924,93081,46632,60287
200000,1,1,0.012758695999764313,93062,46116,60822
200000,1,2,0.012654548000227805,93114,46479,60407
200000,1,3,0.012930946999858861,93117,46450,60433
200000,1,4,0.012872843999957695,93171,46251,60578
200000,2,0,0.007069440000122995,93201,46712,60087
200000,2,1,0.0071561790000487235,92957,46509,60534
200000,2,2,0.006709157000386767,93162,46571,60267
200000,2,3,0.0068631149997600005,93319,46451,60230
200000,2,4,0.006721841000398854,93069,46313,60618
200000,3,0,0.0063903879999998026,93301,46635,60064
200000,3,1,0.004642039999907865,92994,46487,60519
200000,3,2,0.0047580210002706735,93038,46555,60407
200000,3,3,0.004690719999871362,93312,46524,60164
200000,3,4,0.004762615999879927,93211,46237,60552
200000,4,0,0.003907005000201025,93301,46616,60083
200000,4,1,0.003791674000240164,93307,46392,60301
200000,4,2,0.004104725999695802,93130,46688,60182
200000,4,3,0.0039894710002954525,93340,46325,60335
200000,4,4,0.0038241130000642443,93092,46239,60669
200000,5,0,0.0032507089999853633,93310,46692,59998
200000,5,1,0.003254919000028167,93237,46549,60214
200000,5,2,0.0033174830000461952,93249,46495,60256
200000,5,3,0.003360491999956139,93194,46492,60314
200000,5,4,0.0034353199998804484,92946,46396,60658
200000,6,0,0.003117570000085834,93108,46752,60140
200000,6,1,0.003197828999873309,92972,46751,60277
200000,6,2,0.002990979000060179,93366,46355,60279
200000,6,3,0.0029525850000027276,93230,46461,60309
200000,6,4,0.0028742089998559095,93017,46445,60538
200000,7,0,0.002713064000090526,93089,46566,60345
200000,7,1,0.0024402399999416957,92878,46576,60546
200000,7,2,0.0028516309998849465,93383,46285,60332
200000,7,3,0.0025353239998366917,93341,46354,60305
200000,7,4,0.0027596380000431964,93060,46419,60521
200000,8,0,0.002369619000091916,93151,46454,60395
200000,8,1,0.0023272409998753574,92938,46492,60570
200000,8,2,0.0023962559998835786,93408,46337,60255
200000,8,3,0.002480522000041674,93314,46362,60324
200000,8,4,0.0022681650002596143,93090,46509,60401
200000,9,0,0.0027329669997016026,93094,46503,60403
200000,9,1,0.0028043759998581663,92997,46279,60724
200000,9,2,0.00262212500001624,93290,46247,60463
200000,9,3,0.0027708709999387793,93127,46540,60333
200000,9,4,0.0028351370001473697,93054,46574,60372
200000,10,0,0.00255735700011428,93108,46496,60396
200000,10,1,0.0026952800003527955,93071,46300,60629
200000,10,2,0.0025591230000827636,93057,46360,60583
200000,10,3,0.0025031129998751567,93243,46420,60337
200000,10,4,0.0025225350000255276,93061,46615,60324
200000,11,0,0.00261365599999408,93159,46411,60430
200000,11,1,0.0025710260001687857,93168,46291,60541
200000,11,2,0.0024739909999880183,93163,46380,60457
200000,11,3,0.0026059909996547503,93240,46420,60340
200000,11,4,0.002577142000063759,93034,46613,60353
200000,12,0,0.0024544800003241107,93336,46405,60259
200000,12,1,0.0025722279997353326,93250,46258,60492
200000,12,2,0.002516051999919,93091,46466,60443
200000,12,3,0.002506736000214005,93276,46451,60273
200000,12,4,0.00248536899971441,92991,46565,60444
200000,13,0,0.00238173400020969,93384,46310,60306
200000,13,1,0.00246773899971231,93277,46313,60410
200000,13,2,0.0025087170001825143,93185,46507,60308
200000,13,3,0.0024989329999698384,93157,46497,60346
200000,13,4,0.002584276999641588,93095,46497,60408
200000,14,0,0.002418760000182374,93425,46291,60284
200000,14,1,0.002446230999794352,93336,46349,60315
200000,14,2,0.002292413999839482,93183,46493,60324
200000,14,3,0.0022259329998632893,93121,46378,60501
200000,14,4,0.0022749489999114303,92990,46631,60379
200000,15,0,0.0021804529997098143,93251,46388,60361
200000,15,1,0.0023575820000587555,93420,46316,60264
200000,15,2,0.002536313000291557,93162,46472,60366
200000,15,3,0.002322907999769086,93029,46363,60608
200000,15,4,0.0022940210001252126,92955,46611,60434
200000,16,0,0.0022075900001254922,93267,46467,60266
200000,16,1,0.0023499090002587764,93361,46432,60207
200000,16,2,0.0021803919999001664,93101,46472,60427
200000,16,3,0.0022651990002486855,93142,46271,60587
200000,16,4,0.002201082999818027,92907,46585,60508
200000,17,0,0.002282153000123799,93162,46549,60289
200000,17,1,0.0021809979998579365,93339,46566,60095
200000,17,2,0.002218578999872989,93206,46562,60232
200000,17,3,0.002133957999831182,93053,46276,60671
200000,17,4,0.002259065000089322,93011,46423,60566
200000,18,0,0.002298222000263195,93343,46527,60130
200000,18,1,0.002195742999901995,93344,46604,60052
200000,18,2,0.002388412999607681,93222,46526,60252
200000,18,3,0.0021015749998696265,93126,46346,60528
200000,18,4,0.002046515000074578,92966,46437,60597
200000,19,0,0.002057993000107672,93352,46580,60068
200000,19,1,0.002071385999897757,93408,46592,60000
200000,19,2,0.002079894999951648,93191,46558,60251
200000,19,3,0.002290364000145928,93010,46297,60693
200000,19,4,0.0020853689998148184,92984,46487,60529
200000,20,0,0.002076163000310771,93209,46738,60053
200000,20,1,0.0020228879998285265,93436,46612,59952
200000,20,2,0.002038198999798624,93165,46552,60283
200000,20,3,0.002121841000189306,93031,46286,60683
200000,20,4,0.0020101039999644854,92855,46533,60612
400000,1,0,0.025048429999969812,186664,93154,120182
400000,1,1,0.025240886000119644,186267,92666,121067
400000,1,2,0.02524560099982409,185860,93107,121033
400000,1,3,0.024953561000074842,186076,92993,120931
400000,1,4,0.026297054999758984,186191,92796,121013
400000,2,0,0.013418777999959275,185928,93355,120717
400000,2,1,0.013415652000276168,186235,92829,120936
400000,2,2,0.013112426999668969,186415,93007,120578
400000,2,3,0.01292751099981615,186290,92620,121090
400000,2,4,0.013097771000047942,186222,92743,121035
400000,3,0,0.009266229999866482,186161,93385,120454
400000,3,1,0.009052203000010195,186338,92988,120674
400000,3,2,0.009086991999993188,186129,93174,120697
400000,3,3,0.008885407999969175,186582,92660,120758
400000,3,4,0.008879725000042527,186257,92669,121074
400000,4,0,0.007141548000163311,186541,93092,120367
400000,4,1,0.007361003000369237,186263,93039,120698
400000,4,2,0.007054873000015505,186366,93133,120501
400000,4,3,0.006951138000204082,186763,92758,120479
400000,4,4,0.006776358000024629,186183,92937,120880
400000,5,0,0.00623163399995974,186417,93258,120325
400000,5,1,0.0058279879999645345,186226,93001,120773
400000,5,2,0.005796261999876151,186331,93120,120549
400000,5,3,0.0058374330001242924,186651,93050,120299
400000,5,4,0.0057025330002034025,185911,93079,121010
400000,6,0,0.005486105999807478,186201,93468,120331
400000,6,1,0.0052534940000441566,186105,92919,120976
400000,6,2,0.005055757999798516,186282,92939,120779
400000,6,3,0.005358089999845106,186524,92958,120518
400000,6,4,0.005074484000033408,186008,93028,120964
400000,7,0,0.0051654190001499956,186137,93315,120548
400000,7,1,0.004439212000306725,186281,92724,120995
400000,7,2,0.004315569000027608,186110,92951,120939
400000,7,3,0.004360390000329062,186670,92783,120547
400000,7,4,0.0043205900001339614,185932,93162,120906
400000,8,0,0.005073579999589128,186168,93248,120584
400000,8,1,0.005028256000059628,186309,92826,120865
400000,8,2,0.004116064000299957,186062,93216,120722
400000,8,3,0.004044193000027008,186458,92820,120722
400000,8,4,0.005059500000243133,186150,93031,120819
400000,9,0,0.004586443999869516,186283,93341,120376
400000,9,1,0.0042495229999985895,186439,92778,120783
400000,9,2,0.004566355999941152,186211,93187,120602
400000,9,3,0.004287735000161774,186012,93147,120841
400000,9,4,0.004566339000120934,186255,92922,120823
400000,10,0,0.004347561000031419,186260,93467,120273
400000,10,1,0.004250508000041009,186530,92780,120690
400000,10,2,0.0043142490003447165,186159,93068,120773
400000,10,3,0.004245697999976983,186133,92935,120932
400000,10,4,0.004222777999984828,186268,92827,120905
400000,11,0,0.004280227999970521,186436,93176,120388
400000,11,1,0.004425134000030084,186162,92991,120847
400000,11,2,0.004153126000346674,186251,93062,120687
400000,11,3,0.004156684000008681,186183,92992,120825
400000,11,4,0.004063846999997622,186435,92680,120885
400000,12,0,0.004724208999959956,186500,93015,120485
400000,12,1,0.003834634000213555,186171,93012,120817
400000,12,2,0.0038455900003100396,186252,93098,120650
400000,12,3,0.003872144000069966,186172,93056,120772
400000,12,4,0.00405424500013396,186297,92834,120869
400000,13,0,0.004154657000071893,186447,92788,120765
400000,13,1,0.003910692999852472,186172,92951,120877
400000,13,2,0.0036552690003190946,186007,93286,120707
400000,13,3,0.0037810829999216367,186195,93090,120715
400000,13,4,0.003823464000106469,186574,92842,120584
400000,14,0,0.003372482000031596,186490,92737,120773
400000,14,1,0.00341884800036496,186168,92918,120914
400000,14,2,0.0036352900001475064,186135,93135,120730
400000,14,3,0.0036971180002183246,186201,93133,120666
400000,14,4,0.003560857999673317,186408,92912,120680
400000,15,0,0.003574666999611509,186292,92901,120807
400000,15,1,0.0033555460004208726,186172,92825,121003
400000,15,2,0.003563223000128346,186099,93070,120831
400000,15,3,0.003497673999845574,186194,93111,120695
400000,15,4,0.0034321479997743154,186227,92974,120799
400000,16,0,0.00344212099980723,186390,92825,120785
400000,16,1,0.0035249899997324974,186384,92839,120777
400000,16,2,0.0034420359997966443,186063,93071,120866
400000,16,3,0.003717051999956311,186190,93108,120702
400000,16,4,0.0034496060002311424,186276,92987,120737
400000,17,0,0.0033218179996765684,186298,92942,120760
400000,17,1,0.0032809680001264496,186285,92854,120861
400000,17,2,0.003311963000214746,186102,93060,120838
400000,17,3,0.003318529999887687,186033,93193,120774
400000,17,4,0.0033679369998935726,186345,92964,120691
400000,18,0,0.0031681899999966845,186252,93024,120724
400000,18,1,0.0032506510001439892,186302,92942,120756
400000,18,2,0.0032544460000281106,186114,92837,121049
400000,18,3,0.0032324899998457113,186125,93233,120642
400000,18,4,0.0033334839999952237,186257,93079,120664
400000,19,0,0.0032727389998399303,186316,93056,120628
400000,19,1,0.003103726000063034,186376,92884,120740
400000,19,2,0.0030877209997015598,186228,92770,121002
400000,19,3,0.003203872000085539,186342,93130,120528
400000,19,4,0.0031562509998366295,186076,93174,120750
400000,20,0,0.0031487579999520676,186359,93055,120586
400000,20,1,0.0030736409999008174,186538,92889,120573
400000,20,2,0.003271450999818626,186362,92764,120874
400000,20,3,0.0031591429997206433,186236,93096,120668
400000,20,4,0.003245439000238548,186094,93190,120716
800000,1,0,0.04939340300006734,373003,186358,240639
800000,1,1,0.049867257999721915,372592,185443,241965
800000,1,2,0.051443404000110604,371771,186141,242088
800000,1,3,0.0509620449997783,372284,185954,241762
800000,1,4,0.0513778779995846,372586,185471,241943
800000,2,0,0.025786780000089493,372364,186509,241127
800000,2,1,0.02587568500030102,372158,186184,241658
800000,2,2,0.025845812000170554,371882,186422,241696
800000,2,3,0.025291508000009344,372628,185165,242207
800000,2,4,0.02540562200010754,372238,185734,242028
800000,3,0,0.017843117999746028,372616,186328,241056
800000,3,1,0.017543277999720885,372468,186167,241365
800000,3,2,0.017642117999912443,372358,186171,241471
800000,3,3,0.01782917400032602,372601,185582,241817
800000,3,4,0.01742171900014,372297,185811,241892
800000,4,0,0.013255957000183116,372413,186670,240917
800000,4,1,0.01324078700008613,372759,185998,241243
800000,4,2,0.01298303500016118,373016,186023,240961
800000,4,3,0.013141034999989643,372998,185209,241793
800000,4,4,0.013255664000098477,372366,185958,241676
800000,5,0,0.010614786000132881,372362,186321,241317
800000,5,1,0.01062344399997528,372711,185865,241424
800000,5,2,0.010647767999671487,372575,186300,241125
800000,5,3,0.011124662000383978,372949,185516,241535
800000,5,4,0.010679627999707009,372179,186079,241742
800000,6,0,0.009000569999898289,371787,186680,241533
800000,6,1,0.009344599000087328,372204,185852,241944
800000,6,2,0.0095313450001413,372762,186035,241203
800000,6,3,0.00888359999999011,372931,185678,241391
800000,6,4,0.009187248999751318,371691,186353,241956
800000,7,0,0.008443966000413639,372103,186705,241192
800000,7,1,0.008560718000353518,372336,185570,242094
800000,7,2,0.008350957999937236,372645,186242,241113
800000,7,3,0.008281263999833754,372973,185821,241206
800000,7,4,0.008684956999786664,371993,186598,241409
800000,8,0,0.007808161999946606,372176,186400,241424
800000,8,1,0.008281879000151093,372093,185618,242289
800000,8,2,0.007954094000069745,372236,186332,241432
800000,8,3,0.007929968000098597,372980,185961,241059
800000,8,4,0.008069397000326717,372119,186771,241110
800000,9,0,0.007902946999820415,372230,186825,240945
800000,9,1,0.008567345999836107,372161,185760,242079
800000,9,2,0.007549279999693681,372334,186278,241388
800000,9,3,0.008318690000123752,372678,186487,240835
800000,9,4,0.00843705899978886,372333,186554,241113
800000,10,0,0.006815020999965782,372370,186797,240833
800000,10,1,0.007940330000110407,372158,185756,242086
800000,10,2,0.0077991479997763236,372271,186296,241433
800000,10,3,0.007722327999999834,372787,186425,240788
800000,10,4,0.0076644680002573295,372300,186333,241367
800000,11,0,0.00723546900007932,372577,186597,240826
800000,11,1,0.007417500999963522,372209,185590,242201
800000,11,2,0.007165854000049876,372210,186090,241700
800000,11,3,0.007239088999995147,372482,186671,240847
800000,11,4,0.007278651999968133,372227,186169,241604
800000,12,0,0.006896764999964944,372522,186500,240978
800000,12,1,0.007442686000104004,372363,185616,242021
800000,12,2,0.006666201999905752,372396,185935,241669
800000,12,3,0.006955675999961386,372534,186701,240765
800000,12,4,0.007056070999624353,372517,185838,241645
800000,13,0,0.006713837999996031,372337,186407,241256
800000,13,1,0.0065215529998567945,372645,185472,241883
800000,13,2,0.006469145000210119,372131,186179,241690
800000,13,3,0.0067757080000774295,372666,186505,240829
800000,13,4,0.006327224999949976,372938,185760,241302
800000,14,0,0.006415883000045142,372387,186216,241397
800000,14,1,0.0061159030001363135,372672,185663,241665
800000,14,2,0.00620898799979841,372259,186113,241628
800000,14,3,0.006494272999589157,372621,186588,240791
800000,14,4,0.006412278999960108,372526,186006,241468
800000,15,0,0.0060741940001207695,372371,186110,241519
800000,15,1,0.005951165000169567,372717,185731,241552
800000,15,2,0.005774277999989863,372002,186299,241699
800000,15,3,0.006027360000189219,372367,186638,240995
800000,15,4,0.00598383200031094,372201,186147,241652
800000,16,0,0.0058016960001623374,372235,186251,241514
800000,16,1,0.0056455530002494925,372869,185739,241392
800000,16,2,0.00572208799985674,372084,186382,241534
800000,16,3,0.005581581999649643,372291,186485,241224
800000,16,4,0.005669995000062045,372353,186098,241549
800000,17,0,0.005483877000187931,372247,186337,241416
800000,17,1,0.005743744000028528,372929,185706,241365
800000,17,2,0.00543822600002386,372164,186311,241525
800000,17,3,0.0055906540001160465,372148,186625,241227
800000,17,4,0.005559188000006543,372492,185979,241529
800000,18,0,0.0053721569997833285,372439,186343,241218
800000,18,1,0.005446035000204574,372687,186091,241222
800000,18,2,0.005386601999816776,372088,186207,241705
800000,18,3,0.005293487999551871,371934,186599,241467
800000,18,4,0.0052930169999854115,372472,186007,241521
800000,19,0,0.0053976990002411185,372497,186323,241180
800000,19,1,0.005099663000237342,372815,186106,241079
800000,19,2,0.005142171999978018,372311,186004,241685
800000,19,3,0.0051121000001330685,371971,186467,241562
800000,19,4,0.00519432200007941,372041,186192,241767
800000,20,0,0.004982644999927288,372409,186428,241163
800000,20,1,0.0050246279997736565,373027,186045,240928
800000,20,2,0.004981686000064656,372430,185896,241674
800000,20,3,0.004963526999745227,372020,186334,241646
800000,20,4,0.005039484000008088,372302,186032,241666
1600000,1,0,0.09827075000021068,745119,372846,482035
1600000,1,1,0.09903456600022764,745927,371615,482458
1600000,1,2,0.09900329800029795,744853,371827,483320
1600000,1,3,0.09704122299990559,744601,371813,483586
1600000,1,4,0.09867525100025887,745712,371194,483094
1600000,2,0,0.05057907099990189,745412,372573,482015
1600000,2,1,0.04945181199991566,745045,371938,483017
1600000,2,2,0.05074712499981615,744067,372540,483393
1600000,2,3,0.05006881200006319,744717,371006,484277
1600000,2,4,0.05022518099985973,744194,372085,483721
1600000,3,0,0.03374089899989485,744540,372796,482664
1600000,3,1,0.03329804700024397,744560,372396,483044
1600000,3,2,0.03399077399990347,744420,372518,483062
1600000,3,3,0.033248473000185186,744858,371296,483846
1600000,3,4,0.03345288699983939,744806,371658,483536
1600000,4,0,0.025189785999828018,744566,373161,482273
1600000,4,1,0.025868617000014638,744733,372605,482662
1600000,4,2,0.025098611999965215,744819,372167,483014
1600000,4,3,0.02523343399980149,745546,371150,483304
1600000,4,4,0.025090989000091213,744507,371946,483547
1600000,5,0,0.021129838999968342,744441,372628,482931
1600000,5,1,0.02089039500015133,745249,372371,482380
1600000,5,2,0.02049164500022016,744955,372306,482739
1600000,5,3,0.02139334699995743,745215,371377,483408
1600000,5,4,0.021375881000039954,743748,372438,483814
1600000,6,0,0.01757400199994663,744377,372581,483042
1600000,6,1,0.017387703000167676,745052,372152,482796
1600000,6,2,0.017919454000093538,745381,372484,482135
1600000,6,3,0.017454796000038186,744893,371930,483177
1600000,6,4,0.018556430999979057,743897,372523,483580
1600000,7,0,0.015386204000151338,744142,373047,482811
1600000,7,1,0.01649474799978634,745188,371917,482895
1600000,7,2,0.015014623000297433,745767,372263,481970
1600000,7,3,0.01598611199960942,745257,371772,482971
1600000,7,4,0.014892230999976164,744001,372682,483317
1600000,8,0,0.01460554699997374,743834,373241,482925
1600000,8,1,0.014024897000126657,744818,371948,483234
1600000,8,2,0.014253732999804924,745679,371947,482374
1600000,8,3,0.014257785999689077,745540,371471,482989
1600000,8,4,0.014940475000003062,743977,373038,482985
1600000,9,0,0.013451255000290985,743932,373012,483056
1600000,9,1,0.0153621149997889,745157,371471,483372
1600000,9,2,0.014073060999635345,745598,372438,481964
1600000,9,3,0.014165293999667483,745606,371776,482618
1600000,9,4,0.016000392000023567,743946,372875,483179
1600000,10,0,0.012981790000139881,744165,372885,482950
1600000,10,1,0.014440287000070384,745146,371604,483250
1600000,10,2,0.014504654000120354,745319,372426,482255
1600000,10,3,0.014513824000005116,745534,371976,482490
1600000,10,4,0.014555027999904269,743883,372620,483497
1600000,11,0,0.013500473999556561,744557,372614,482829
1600000,11,1,0.013246171999981016,745314,371512,483174
1600000,11,2,0.013291191999996954,745111,372420,482469
1600000,11,3,0.013306846999967092,745263,372447,482290
1600000,11,4,0.01284981400021934,743877,372852,483271
1600000,12,0,0.013048810000327649,744156,372616,483228
1600000,12,1,0.012800258000424947,745065,371585,483350
1600000,12,2,0.012699969000095734,745268,372119,482613
1600000,12,3,0.01239991900001769,745413,372576,482011
1600000,12,4,0.012705214000106935,744069,372637,483294
1600000,13,0,0.011856102999900031,744029,372449,483522
1600000,13,1,0.011804657000084262,745300,371479,483221
1600000,13,2,0.011520421000113856,745172,372484,482344
1600000,13,3,0.011449048999566003,745500,372692,481808
1600000,13,4,0.011499190999984421,744315,372876,482809
1600000,14,0,0.010936912000033772,744462,372277,483261
1600000,14,1,0.011317034000057902,745441,371364,483195
1600000,14,2,0.011489389999951527,745418,372347,482235
1600000,14,3,0.011145414999646164,745302,372841,481857
1600000,14,4,0.011221349000152259,744175,373066,482759
1600000,15,0,0.011215906999950676,744320,372232,483448
1600000,15,1,0.010506636000172875,745192,371372,483436
1600000,15,2,0.01070420699988972,745057,372443,482500
1600000,15,3,0.010411064999971131,745403,373008,481589
1600000,15,4,0.010836663000191038,744182,373249,482569
1600000,16,0,0.010259625999879063,744463,372192,483345
1600000,16,1,0.010328537000077631,745137,371385,483478
1600000,16,2,0.010490875999948912,744965,372546,482489
1600000,16,3,0.010380147000432771,745598,372672,481730
1600000,16,4,0.010357468000165682,744383,372905,482712
1600000,17,0,0.010040695000043343,744362,372717,482921
1600000,17,1,0.010213593000116816,745108,371400,483492
1600000,17,2,0.009973460999844974,745233,372441,482326
1600000,17,3,0.010082181000143464,745479,373010,481511
1600000,17,4,0.009724314999857597,744211,372976,482813
1600000,18,0,0.009490911000284541,744726,372664,482610
1600000,18,1,0.009657402999891929,744672,371814,483514
1600000,18,2,0.009374116999879334,744980,372392,482628
1600000,18,3,0.009539658999983658,745313,373239,481448
1600000,18,4,0.009697520999907283,744184,373001,482815
1600000,19,0,0.009325346999958128,744912,372633,482455
1600000,19,1,0.009315579000030993,745014,371582,483404
1600000,19,2,0.00922528199998851,745068,372372,482560
1600000,19,3,0.009267406999697414,745385,373134,481481
1600000,19,4,0.00921681299996635,744019,372980,483001
1600000,20,0,0.00904961500009449,744888,372655,482457
1600000,20,1,0.00881835600011982,745070,371775,483155
1600000,20,2,0.009038936999786529,745381,372326,482293
1600000,20,3,0.008984121999674244,745314,373135,481551
1600000,20,4,0.008996778999971866,743949,372932,483119
3200000,1,0,0.19935121200023787,1489626,745625,964749
3200000,1,1,0.19838265299995328,1490960,744552,964488
3200000,1,2,0.20015892800029178,1489815,743760,966425
3200000,1,3,0.19640196399996057,1489336,744283,966381
3200000,1,4,0.2017816610000409,1491222,743253,965525
3200000,2,0,0.09888586400029453,1490023,745230,964747
3200000,2,1,0.09915766699987216,1490495,744858,964647
3200000,2,2,0.09953734999999142,1489723,744574,965703
3200000,2,3,0.09854422199987312,1489780,742998,967222
3200000,2,4,0.09865709499990771,1490633,743515,965852
3200000,3,0,0.06567683700041016,1489542,745836,964622
3200000,3,1,0.06587114900003144,1489306,744279,966415
3200000,3,2,0.06645881400027065,1489422,744858,965720
3200000,3,3,0.06560439400027462,1490092,742860,967048
3200000,3,4,0.06573314900015248,1489920,743598,966482
3200000,4,0,0.049980279999999766,1490106,745907,963987
3200000,4,1,0.04947513599972808,1489570,744260,966170
3200000,4,2,0.05035926499976995,1488662,745124,966214
3200000,4,3,0.04976423000016439,1489901,743535,966564
3200000,4,4,0.05043915600026594,1489004,744669,966327
3200000,5,0,0.04085499400025583,1488744,745459,965797
3200000,5,1,0.03998738100017363,1489703,744199,966098
3200000,5,2,0.040096072999858734,1488971,745472,965557
3200000,5,3,0.04007180000007793,1489540,743554,966906
3200000,5,4,0.040532761000122264,1488565,744762,966673
3200000,6,0,0.03450466200001756,1488941,744344,966715
3200000,6,1,0.03463904700038256,1490725,744264,965011
3200000,6,2,0.03389528300021993,1489459,745374,965167
3200000,6,3,0.03414019299998472,1488912,744345,966743
3200000,6,4,0.03372012599993468,1488799,744393,966808
3200000,7,0,0.030544262000148592,1488419,745156,966425
3200000,7,1,0.030227332999857026,1490740,744093,965167
3200000,7,2,0.029216704000191385,1489956,744505,965539
3200000,7,3,0.030688691999785078,1489509,744334,966157
3200000,7,4,0.02914710599998216,1489145,744831,966024
3200000,8,0,0.02670153200006098,1488044,745273,966683
3200000,8,1,0.02866375200028415,1490641,744308,965051
3200000,8,2,0.0300700660000075,1490200,743778,966022
3200000,8,3,0.028515493999748287,1490065,743696,966239
3200000,8,4,0.0297202209999341,1488837,745294,965869
3200000,9,0,0.028141181000137294,1488025,744983,966992
3200000,9,1,0.026918804999695567,1491560,744033,964407
3200000,9,2,0.028899501000068994,1490691,743664,965645
3200000,9,3,0.027237808000336372,1490446,743988,965566
3200000,9,4,0.028472227999827737,1489066,745125,965809
3200000,10,0,0.028239620000022114,1488542,745277,966181
3200000,10,1,0.02805376000014803,1491104,744605,964291
3200000,10,2,0.026422037999964232,1490866,743711,965423
3200000,10,3,0.025179318000027706,1490502,743987,965511
3200000,10,4,0.028052918999946996,1488378,745403,966219
3200000,11,0,0.026552158999948006,1488479,745064,966457
3200000,11,1,0.025698635000026115,1490763,744718,964519
3200000,11,2,0.02411641900016548,1490274,744368,965358
3200000,11,3,0.022783579000133614,1490198,744494,965308
3200000,11,4,0.024131325999860564,1488513,745440,966047
3200000,12,0,0.022272952000093937,1488463,744854,966683
3200000,12,1,0.02350822700009303,1490794,744103,965103
3200000,12,2,0.02423081799997817,1490758,744309,964933
3200000,12,3,0.02422342599993499,1489725,745262,965013
3200000,12,4,0.023985967000044184,1488845,745547,965608
3200000,13,0,0.022343152000303235,1488399,744994,966607
3200000,13,1,0.022832407999885618,1490572,743691,965737
3200000,13,2,0.022520686999996542,1490593,744738,964669
3200000,13,3,0.022360313999797654,1489899,745384,964717
3200000,13,4,0.02278904800004966,1488630,745997,965373
3200000,14,0,0.02171136899960402,1488377,745082,966541
3200000,14,1,0.021809807999943587,1490567,743775,965658
3200000,14,2,0.02168898199988689,1491131,744349,964520
3200000,14,3,0.0214115320000019,1489992,745018,964990
3200000,14,4,0.0213036409995766,1488590,745307,966103
3200000,15,0,0.02042893499992715,1488172,745347,966481
3200000,15,1,0.020372948000385804,1490517,743786,965697
3200000,15,2,0.02052279899999121,1490950,744303,964747
3200000,15,3,0.0201922809997086,1490497,744669,964834
3200000,15,4,0.01975350900011108,1487902,745554,966544
3200000,16,0,0.020201100999656774,1488436,745241,966323
3200000,16,1,0.019357925999884174,1490208,744028,965764
3200000,16,2,0.019657011000163038,1491010,744424,964566
3200000,16,3,0.019729016999917803,1490651,744437,964912
3200000,16,4,0.018758225000055972,1488268,745464,966268
3200000,17,0,0.01820647700014888,1488376,745043,966581
3200000,17,1,0.018614498000260937,1490169,743585,966246
3200000,17,2,0.018736994999926537,1491309,744507,964184
3200000,17,3,0.01853288199981762,1490926,744443,964631
3200000,17,4,0.018370195999978023,1488403,745346,966251
3200000,18,0,0.01811668899972574,1488251,745070,966679
3200000,18,1,0.017517966000013985,1490025,743980,965995
3200000,18,2,0.018216843000118388,1491182,744666,964152
3200000,18,3,0.01820999399978973,1491004,744386,964610
3200000,18,4,0.01820028900010584,1488312,745554,966134
3200000,19,0,0.01741573499975857,1488626,744753,966621
3200000,19,1,0.01714561600010711,1490390,743548,966062
3200000,19,2,0.017619118000311573,1490956,744573,964471
3200000,19,3,0.017111236000346253,1491024,744407,964569
3200000,19,4,0.017347730999972555,1488029,745264,966707
3200000,20,0,0.01671289900014017,1488609,744683,966708
3200000,20,1,0.016789455999969505,1490376,743659,965965
3200000,20,2,0.01686467099989386,1490880,744875,964245
3200000,20,3,0.016535221999674832,1491143,744675,964182
3200000,20,4,0.016331150000041816,1487895,745490,966615
6400000,1,0,0.3913412789997892,2977346,1491326,1931328
6400000,1,1,0.3890533220001089,2980491,1490057,1929452
6400000,1,2,0.39170622299980096,2978102,1488494,1933404
6400000,1,3,0.38690954999992755,2979199,1488490,1932311
6400000,1,4,0.39750962000016443,2980619,1488297,1931084
6400000,2,0,0.19687682299991138,2978847,1490726,1930427
6400000,2,1,0.1975348760001907,2980298,1490306,1929396
6400000,2,2,0.19583774199963955,2979236,1488338,1932426
6400000,2,3,0.19892855699981737,2979469,1488967,1931564
6400000,2,4,0.1973472480003693,2980823,1488248,1930929
6400000,3,0,0.13167239599988534,2978084,1491879,1930037
6400000,3,1,0.1307700450001903,2980147,1490002,1929851
6400000,3,2,0.13130415200021162,2979814,1489188,1930998
6400000,3,3,0.1313078250000217,2978725,1488031,1933244
6400000,3,4,0.13109014900010152,2980872,1487190,1931938
6400000,4,0,0.09834798999963823,2979119,1490499,1930382
6400000,4,1,0.0983113960000992,2979184,1489238,1931578
6400000,4,2,0.09817089300031512,2979231,1489751,1931018
6400000,4,3,0.09806883600003857,2979726,1487770,1932504
6400000,4,4,0.09815425900023911,2981387,1487230,1931383
6400000,5,0,0.07876944200006619,2978111,1490571,1931318
6400000,5,1,0.07923020700036432,2979305,1488540,1932155
6400000,5,2,0.08002579100002549,2979337,1490187,1930476
6400000,5,3,0.079379660000086,2980344,1487683,1931973
6400000,5,4,0.07917365900038931,2979934,1488078,1931988
6400000,6,0,0.06763133399999788,2978782,1490282,1930936
6400000,6,1,0.06808660600017902,2980409,1487761,1931830
6400000,6,2,0.06736181299993405,2979587,1489892,1930521
6400000,6,3,0.06707749900033377,2979668,1488399,1931933
6400000,6,4,0.06651497400025619,2979428,1488321,1932251
6400000,7,0,0.057963059000030626,2979359,1490033,1930608
6400000,7,1,0.059191569999711646,2980588,1487648,1931764
6400000,7,2,0.057858767000197986,2979853,1489847,1930300
6400000,7,3,0.05802626100012276,2979443,1488661,1931896
6400000,7,4,0.058109155999773066,2978637,1489143,1932220
6400000,8,0,0.05263823499990394,2977967,1490310,1931723
6400000,8,1,0.05291703699958816,2980499,1487928,1931573
6400000,8,2,0.05203698400009671,2979825,1489589,1930586
6400000,8,3,0.05399921800017182,2978758,1488428,1932814
6400000,8,4,0.05125722599996152,2978423,1489750,1931827
6400000,9,0,0.05206702099985705,2978601,1489297,1932102
6400000,9,1,0.050675452999712434,2981277,1487282,1931441
6400000,9,2,0.05090614300024754,2980147,1489267,1930586
6400000,9,3,0.05049750699981814,2978824,1489119,1932057
6400000,9,4,0.054434492999916984,2979242,1488763,1931995
6400000,10,0,0.05249259499987602,2977674,1489724,1932602
6400000,10,1,0.05085602600001948,2982305,1487447,1930248
6400000,10,2,0.05261032599992177,2979579,1489260,1931161
6400000,10,3,0.04741934000003312,2978767,1489151,1932082
6400000,10,4,0.05065917100000661,2978566,1489348,1932086
6400000,11,0,0.05151694699998188,2978291,1488685,1933024
6400000,11,1,0.047917697000229964,2982255,1488401,1929344
6400000,11,2,0.0490845790000094,2979166,1489494,1931340
6400000,11,3,0.04756559199995536,2977455,1490525,1932020
6400000,11,4,0.04972682499965231,2978556,1489189,1932255
6400000,12,0,0.047628776999772526,2978193,1488553,1933254
6400000,12,1,0.0452790780000214,2981975,1488332,1929693
6400000,12,2,0.04659474499976568,2979198,1489470,1931332
6400000,12,3,0.04739381599983972,2978261,1490603,1931136
6400000,12,4,0.044844855000064854,2979017,1489220,1931763
6400000,13,0,0.04364133499984746,2978250,1488522,1933228
6400000,13,1,0.042043013000238716,2981901,1487988,1930111
6400000,13,2,0.042505038999934186,2979773,1489305,1930922
6400000,13,3,0.04217480900024384,2979117,1490184,1930699
6400000,13,4,0.044142458999886,2978686,1490072,1931242
6400000,14,0,0.041844187999686255,2977512,1489438,1933050
6400000,14,1,0.04129173499995886,2981839,1488149,1930012
6400000,14,2,0.04105745600008959,2979620,1488776,1931604
6400000,14,3,0.04169662700041954,2978945,1490368,1930687
6400000,14,4,0.0405625329999566,2978928,1489584,1931488
6400000,15,0,0.039171427999917796,2977265,1489645,1933090
6400000,15,1,0.039618711000002804,2982173,1488383,1929444
6400000,15,2,0.03909868799973992,2980033,1488317,1931650
6400000,15,3,0.037839466000150423,2979485,1490360,1930155
6400000,15,4,0.039615527000023576,2978952,1490068,1930980
6400000,16,0,0.037514835000365565,2977916,1489188,1932896
6400000,16,1,0.03838000999985525,2981735,1489014,1929251
6400000,16,2,0.03749622699979227,2979483,1488389,1932128
6400000,16,3,0.03777150099995197,2979270,1490468,1930262
6400000,16,4,0.03728584500004217,2978858,1489956,1931186
6400000,17,0,0.0349167170002147,2976851,1489607,1933542
6400000,17,1,0.035024711999994906,2981229,1489018,1929753
6400000,17,2,0.035793959999864455,2980518,1488341,1931141
6400000,17,3,0.035697045999768307,2979311,1490047,1930642
6400000,17,4,0.03597972599982313,2979068,1489903,1931029
6400000,18,0,0.03522806099999798,2977066,1489756,1933178
6400000,18,1,0.03406590700024026,2980720,1489186,1930094
6400000,18,2,0.03473358100018231,2980328,1488200,1931472
6400000,18,3,0.03476553100017554,2979938,1489780,1930282
6400000,18,4,0.034985296000286326,2978520,1490034,1931446
6400000,19,0,0.033341323000058765,2977302,1489905,1932793
6400000,19,1,0.03281815399986954,2980321,1489236,1930443
6400000,19,2,0.03338577999966219,2980599,1488458,1930943
6400000,19,3,0.03229296300014539,2980479,1489603,1929918
6400000,19,4,0.03330704000018159,2978495,1489987,1931518
6400000,20,0,0.032193207999625884,2977244,1489970,1932786
6400000,20,1,0.03207779300009861,2980776,1489285,1929939
6400000,20,2,0.031603254999936325,2981117,1488941,1929942
6400000,20,3,0.031434122000064235,2980627,1489559,1929814
6400000,20,4,0.03157668999983798,2978601,1490234,1931165
12800000,1,0,0.7991969539998536,5958968,2980931,3860101
12800000,1,1,0.78574388800007,5960607,2979239,3860154
12800000,1,2,0.7980129269999452,5958845,2977199,3863956
12800000,1,3,0.7945078319999084,5960710,2976944,3862346
12800000,1,4,0.7776444549999724,5958309,2978443,3863248
12800000,2,0,0.3897637160002887,5956975,2980209,3862816
12800000,2,1,0.3907279730001392,5959163,2980291,3860546
12800000,2,2,0.38911644400013756,5956580,2977431,3865989
12800000,2,3,0.39117531800002325,5960507,2978135,3861358
12800000,2,4,0.3889527729998008,5958851,2978368,3862781
12800000,3,0,0.2589421959996798,5956914,2981321,3861765
12800000,3,1,0.2624947119998069,5958718,2978942,3862340
12800000,3,2,0.2600150670000403,5957603,2977095,3865302
12800000,3,3,0.2600728170000366,5958070,2978962,3862968
12800000,3,4,0.26205893999986074,5960429,2977065,3862506
12800000,4,0,0.19629326799986302,5957642,2982291,3860067
12800000,4,1,0.19820937199983746,5958967,2978660,3862373
12800000,4,2,0.1960011440000926,5958618,2978533,3862849
12800000,4,3,0.1962602430003244,5957698,2979404,3862898
12800000,4,4,0.1986431810000795,5959833,2977792,3862375
12800000,5,0,0.1566867779997665,5956390,2981607,3862003
12800000,5,1,0.157989630999964,5957911,2979449,3862640
12800000,5,2,0.15945042500015916,5958824,2980084,3861092
12800000,5,3,0.15768454199996995,5957662,2979019,3863319
12800000,5,4,0.15873940400024367,5960105,2977253,3862642
12800000,6,0,0.13314097400007086,5956591,2981261,3862148
12800000,6,1,0.13262907700027426,5960534,2977567,3861899
12800000,6,2,0.13573016100008317,5959552,2978576,3861872
12800000,6,3,0.1336213399999906,5957671,2977914,3864415
12800000,6,4,0.13509197399980621,5961343,2976055,3862602
12800000,7,0,0.11527488199999425,5959247,2980212,3860541
12800000,7,1,0.11516806000008728,5960383,2978338,3861279
12800000,7,2,0.11483078099990962,5958903,2979361,3861736
12800000,7,3,0.11628994100010459,5958416,2978617,3862967
12800000,7,4,0.11509535400000459,5961532,2976070,3862398
12800000,8,0,0.1064139130003241,5957545,2979230,3863225
12800000,8,1,0.10459335700033989,5958715,2978187,3863098
12800000,8,2,0.10530043500011743,5959263,2978536,3862201
12800000,8,3,0.10620194799957972,5959198,2977386,3863416
12800000,8,4,0.1063198859997101,5962517,2975920,3861563
12800000,9,0,0.10288812800035885,5956500,2979390,3864110
12800000,9,1,0.09996365899996817,5960689,2976849,3862462
12800000,9,2,0.10123587300040526,5959757,2978305,3861938
12800000,9,3,0.09962132999999085,5960718,2977175,3862107
12800000,9,4,0.1041292110003269,5961787,2976486,3861727
12800000,10,0,0.10416954899983466,5955856,2980447,3863697
12800000,10,1,0.10174856200001159,5961305,2976932,3861763
12800000,10,2,0.096397842999977,5959986,2978259,3861755
12800000,10,3,0.0978418029999375,5961050,2976790,3862160
12800000,10,4,0.09222481899996637,5960759,2977138,3862103
12800000,11,0,0.09855361000018092,5956431,2979896,3863673
12800000,11,1,0.0989207580000766,5961716,2976810,3861474
12800000,11,2,0.0942748610000308,5959021,2978836,3862143
12800000,11,3,0.09359002000019245,5960066,2978783,3861151
12800000,11,4,0.09531187799984764,5961063,2976625,3862312
12800000,12,0,0.09024516699992091,5957086,2978507,3864407
12800000,12,1,0.08947632299987163,5961009,2977105,3861886
12800000,12,2,0.08643759400001727,5958309,2978707,3862984
12800000,12,3,0.09230124799978512,5959904,2979122,3860974
12800000,12,4,0.08784518599986768,5959820,2977561,3862619
12800000,13,0,0.0813085790000514,5958080,2978066,3863854
12800000,13,1,0.08705477700004849,5961312,2976650,3862038
12800000,13,2,0.08553056200025821,5958023,2979506,3862471
12800000,13,3,0.08538464000002932,5959187,2979662,3861151
12800000,13,4,0.0816862140000012,5958865,2978148,3862987
12800000,14,0,0.08156984000015655,5958719,2978027,3863254
12800000,14,1,0.0807665279999128,5960442,2977020,3862538
12800000,14,2,0.07965399700015041,5958887,2978914,3862199
12800000,14,3,0.07973870399973748,5958933,2979698,3861369
12800000,14,4,0.07977688999972088,5958093,2977975,3863932
12800000,15,0,0.07611282000016217,5958056,2978168,3863776
12800000,15,1,0.07489356399992175,5960174,2977461,3862365
12800000,15,2,0.07773983500010218,5958367,2978864,3862769
12800000,15,3,0.07505635899997287,5958700,2979783,3861517
12800000,15,4,0.07717861899982381,5958310,2977854,3863836
12800000,16,0,0.07376188299986097,5958047,2978077,3863876
12800000,16,1,0.07418768300021839,5959945,2977988,3862067
12800000,16,2,0.07465346400022099,5958244,2978877,3862879
12800000,16,3,0.07299165899985383,5958117,2980111,3861772
12800000,16,4,0.07137968300003195,5958294,2978546,3863160
12800000,17,0,0.06994053200014605,5958403,2978085,3863512
12800000,17,1,0.06939298700035579,5959726,2977725,3862549
12800000,17,2,0.07010185600029217,5959369,2979107,3861524
12800000,17,3,0.07078453699978127,5957792,2980259,3861949
12800000,17,4,0.07002852000005078,5958166,2978650,3863184
12800000,18,0,0.06733832300005815,5958961,2977921,3863118
12800000,18,1,0.0680691200000183,5959918,2977609,3862473
12800000,18,2,0.06733567700030108,5958827,2979384,3861789
12800000,18,3,0.06808362299989312,5957347,2980775,3861878
12800000,18,4,0.06714486100008799,5957823,2978724,3863453
12800000,19,0,0.06467883300001631,5957573,2978510,3863917
12800000,19,1,0.06501341900002444,5960360,2977830,3861810
12800000,19,2,0.06405847899986838,5959039,2979119,3861842
12800000,19,3,0.06485123800030124,5958612,2979696,3861692
12800000,19,4,0.0647079489999669,5957300,2979839,3862861
12800000,20,0,0.061231093000060355,5957541,2978857,3863602
12800000,20,1,0.06191504600019471,5960845,2977830,3861325
12800000,20,2,0.0629548829997475,5958897,2979415,3861688
12800000,20,3,0.0631157190000522,5958390,2979597,3862013
12800000,20,4,0.06258377199992537,5957818,2979551,3862631
25600000,1,0,1.5743275950003408,11915622,5961599,7722779
25600000,1,1,1.558986725000068,11921781,5957267,7720952
25600000,1,2,1.556942164999782,11917066,5954551,7728383
25600000,1,3,1.5536654099996667,11922446,5955588,7721966
25600000,1,4,1.5673284979998243,11914638,5956535,7728827
25600000,2,0,0.7771871269997064,11917330,5960059,7722611
25600000,2,1,0.7766120420001243,11919196,5957767,7723037
25600000,2,2,0.7814576330001728,11917775,5955541,7726684
25600000,2,3,0.7764969350000683,11920408,5954793,7724799
25600000,2,4,0.7788676380000652,11915100,5958237,7726663
25600000,3,0,0.5181855340001675,11914377,5960808,7724815
25600000,3,1,0.5215951750001295,11917071,5957917,7725012
25600000,3,2,0.537221848000172,11917360,5956072,7726568
25600000,3,3,0.528339312999833,11918903,5956186,7724911
25600000,3,4,0.5223003830001289,11916431,5957611,7725958
25600000,4,0,0.3918033659997491,11916180,5960293,7723527
25600000,4,1,0.39321550399972693,11916365,5956932,7726703
25600000,4,2,0.390340646000368,11915345,5957433,7727222
25600000,4,3,0.39416447099984,11918407,5956414,7725179
25600000,4,4,0.3904970379999213,11917636,5957624,7724740
25600000,5,0,0.3165551979996053,11915566,5960817,7723617
25600000,5,1,0.3175192250000691,11916547,5955995,7727458
25600000,5,2,0.31677768800000194,11916295,5957110,7726595
25600000,5,3,0.31422299599989856,11916755,5957559,7725686
25600000,5,4,0.3158364830001119,11916877,5957353,7725770
25600000,6,0,0.26630390799982706,11915606,5959924,7724470
25600000,6,1,0.26483407100022305,11917269,5956741,7725990
25600000,6,2,0.265958571000283,11915637,5957006,7727357
25600000,6,3,0.2656306279995988,11917399,5956787,7725814
25600000,6,4,0.2672852440000497,11920794,5955440,7723766
25600000,7,0,0.23080357600019852,11916666,5959722,7723612
25600000,7,1,0.2315850620002493,11918173,5958437,7723390
25600000,7,2,0.23016180800004804,11914598,5958152,7727250
25600000,7,3,0.23248644399973273,11916450,5958117,7725433
25600000,7,4,0.23128879399973812,11922123,5955577,7722300
25600000,8,0,0.20623436400001083,11916500,5959429,7724071
25600000,8,1,0.2059049250001408,11918762,5958418,7722820
25600000,8,2,0.20789387000013448,11916405,5958280,7725315
25600000,8,3,0.21088564599995152,11915923,5958674,7725403
25600000,8,4,0.2067214500002592,11920333,5956272,7723395
25600000,9,0,0.19603741499986427,11916654,5959700,7723646
25600000,9,1,0.19851962999973694,11920570,5956576,7722854
25600000,9,2,0.1994037300000855,11918954,5956735,7724311
25600000,9,3,0.19967769999993834,11914732,5959327,7725941
25600000,9,4,0.2023051259998283,11921738,5954334,7723928
25600000,10,0,0.18668833100036863,11914219,5960471,7725310
25600000,10,1,0.19434238599978926,11920205,5958319,7721476
25600000,10,2,0.1892788529999052,11918379,5957075,7724546
25600000,10,3,0.1869759520000116,11916554,5958395,7725051
25600000,10,4,0.18653481799992733,11921469,5955213,7723318
25600000,11,0,0.18275848499979475,11914793,5960540,7724667
25600000,11,1,0.1790791180001179,11921187,5957735,7721078
25600000,11,2,0.1736662480002451,11917946,5956823,7725231
25600000,11,3,0.1792960640000274,11917027,5958455,7724518
25600000,11,4,0.18818153299980622,11920729,5956015,7723256
25600000,12,0,0.17545100600000296,11914175,5960494,7725331
25600000,12,1,0.1692166449997785,11922010,5955228,7722762
25600000,12,2,0.1670043250001072,11918367,5957053,7724580
25600000,12,3,0.17257363899989286,11916597,5958271,7725132
25600000,12,4,0.17865320700002485,11921198,5954930,7723872
25600000,13,0,0.16273504299988417,11914973,5959728,7725299
25600000,13,1,0.16421432399965852,11922235,5954932,7722833
25600000,13,2,0.16312386499976128,11917264,5957698,7725038
25600000,13,3,0.15900184600013745,11916961,5958335,7724704
25600000,13,4,0.1626217190000716,11921157,5956109,7722734
25600000,14,0,0.15843901800008098,11916111,5958278,7725611
25600000,14,1,0.16761692199997924,11922413,5955191,7722396
25600000,14,2,0.1566534160001538,11918179,5957149,7724672
25600000,14,3,0.1496591550003359,11917529,5958500,7723971
25600000,14,4,0.1542666929999541,11922732,5954593,7722675
25600000,15,0,0.1529404620000605,11915415,5957218,7727367
25600000,15,1,0.15249166400008107,11920624,5955351,7724025
25600000,15,2,0.15241069600006085,11916987,5957561,7725452
25600000,15,3,0.151029725999706,11919392,5958240,7722368
25600000,15,4,0.15154027199969278,11923160,5954189,7722651
25600000,16,0,0.14506303999996817,11915845,5956247,7727908
25600000,16,1,0.14131464599995525,11919648,5955836,7724516
25600000,16,2,0.13779842600024494,11917107,5957103,7725790
25600000,16,3,0.14934025899992776,11918162,5958164,7723674
25600000,16,4,0.14729498299993793,11924141,5953055,7722804
25600000,17,0,0.13268891200004873,11916348,5956484,7727168
25600000,17,1,0.1371776820001287,11919427,5955546,7725027
25600000,17,2,0.13315001000000848,11916505,5957548,7725947
25600000,17,3,0.13725060599972494,11918136,5958207,7723657
25600000,17,4,0.1386456109999017,11921939,5955489,7722572
25600000,18,0,0.13325903800023298,11915078,5956614,7728308
25600000,18,1,0.12883158799968442,11919144,5955530,7725326
25600000,18,2,0.1325503750003918,11916637,5957366,7725997
25600000,18,3,0.1318123949999972,11919146,5958467,7722387
25600000,18,4,0.13470742900017285,11919883,5956693,7723424
25600000,19,0,0.12425619299983737,11915368,5957301,7727331
25600000,19,1,0.12468960300020626,11919307,5956040,7724653
25600000,19,2,0.12702686900001936,11917706,5957109,7725185
25600000,19,3,0.12732680199997048,11920195,5957641,7722164
25600000,19,4,0.12802518200032864,11919587,5957158,7723255
25600000,20,0,0.1211722779999036,11915104,5957639,7727257
25600000,20,1,0.12036991800005126,11919012,5956534,7724454
25600000,20,2,0.12225712899999053,11917671,5958806,7723523
25600000,20,3,0.12289232600005562,11920018,5956930,7723052
25600000,20,4,0.11890499899982387,11918243,5958714,7723043
51200000,1,0,3.2659976479999386,23837863,11921733,15440404
51200000,1,1,3.220318231999954,23835517,11914745,15449738
51200000,1,2,3.1620820289999756,23834190,11908549,15457261
51200000,1,3,3.169996407000326,23839459,11914790,15445751
51200000,1,4,3.159587956999985,23831575,11912367,15456058
51200000,2,0,1.60912025000016,23832847,11922022,15445131
51200000,2,1,1.5958095689998117,23836034,11916155,15447811
51200000,2,2,1.5886708809998709,23832229,11912384,15455387
51200000,2,3,1.5900725010001224,23836607,11913902,15449491
51200000,2,4,1.588575824000145,23830567,11914845,15454588
51200000,3,0,1.0466775289996804,23832982,11918705,15448313
51200000,3,1,1.0474476419999519,23833505,11916239,15450256
51200000,3,2,1.055421991000003,23834800,11912005,15453195
51200000,3,3,1.0522492179998153,23838162,11911832,15450006
51200000,3,4,1.0566508390002127,23834415,11915907,15449678
51200000,4,0,0.7807082029999037,23836243,11917528,15446229
51200000,4,1,0.7857785300002433,23835688,11914245,15450067
51200000,4,2,0.7853022290000808,23835209,11914331,15450460
51200000,4,3,0.7856719500000509,23837520,11911407,15451073
51200000,4,4,0.7798084109999763,23834322,11915408,15450270
51200000,5,0,0.629632285000298,23835571,11917865,15446564
51200000,5,1,0.6389930790001017,23836002,11913382,15450616
51200000,5,2,0.6416474150000795,23835006,11911336,15453658
51200000,5,3,0.6424031060000743,23836984,11912115,15450901
51200000,5,4,0.6432630270001027,23834420,11913992,15451588
51200000,6,0,0.5346018019999974,23832691,11918037,15449272
51200000,6,1,0.550471183999889,23836434,11915210,15448356
51200000,6,2,0.5330954710002516,23833330,11913599,15453071
51200000,6,3,0.534030249999887,23836762,11913041,15450197
51200000,6,4,0.5433753309998792,23836539,11913692,15449769
51200000,7,0,0.46330048299978444,23837207,11916289,15446504
51200000,7,1,0.462442633000137,23835175,11915927,15448898
51200000,7,2,0.48402556500013816,23830000,11916306,15453694
51200000,7,3,0.4631611340000745,23839042,11911397,15449561
51200000,7,4,0.45970877599984306,23837392,11913486,15449122
51200000,8,0,0.41234384300014426,23837465,11917223,15445312
51200000,8,1,0.4069189090000691,23834221,11917232,15448547
51200000,8,2,0.4098369650000677,23829400,11917119,15453481
51200000,8,3,0.40645658999983425,23836782,11911928,15451290
51200000,8,4,0.40830705100006526,23835299,11916129,15448572
51200000,9,0,0.39187333400013813,23836526,11916408,15447066
51200000,9,1,0.40405347600017194,23835290,11916111,15448599
51200000,9,2,0.38871258800008945,23831740,11914744,15453516
51200000,9,3,0.3916798899999776,23837911,11912537,15449552
51200000,9,4,0.38570963400024993,23834922,11916370,15448708
51200000,10,0,0.37404594600002383,23836149,11916272,15447579
51200000,10,1,0.3718619370001761,23835832,11915340,15448828
51200000,10,2,0.3833571220002341,23830688,11915314,15453998
51200000,10,3,0.37073646699991514,23836850,11911977,15451173
51200000,10,4,0.3821741199999451,23836962,11915433,15447605
51200000,11,0,0.3501963599996998,23836538,11916304,15447158
51200000,11,1,0.3425775280002199,23837504,11914319,15448177
51200000,11,2,0.35631934999992154,23827471,11916073,15456456
51200000,11,3,0.35235340400004134,23836349,11915143,15448508
51200000,11,4,0.3668678640001417,23839294,11912450,15448256
51200000,12,0,0.33438885500027027,23835061,11917634,15447305
51200000,12,1,0.33741331499959415,23836197,11915337,15448466
51200000,12,2,0.3224541969998427,23828078,11915957,15455965
51200000,12,3,0.3371893739999905,23835759,11916250,15447991
51200000,12,4,0.32526345999986006,23840061,11912259,15447680
51200000,13,0,0.3134187320001729,23832763,11918104,15449133
51200000,13,1,0.31891205800002353,23836338,11916826,15446836
51200000,13,2,0.32459870899992893,23828077,11917438,15454485
51200000,13,3,0.3136070350001319,23834760,11917260,15447980
51200000,13,4,0.31851217699977497,23839533,11913527,15446940
51200000,14,0,0.31162268999969456,23834066,11917845,15448089
51200000,14,1,0.30956367499993576,23836993,11915141,15447866
51200000,14,2,0.30113442399988344,23828502,11916535,15454963
51200000,14,3,0.2955325879997872,23833527,11918363,15448110
51200000,14,4,0.29844748800042,23840013,11913594,15446393
51200000,15,0,0.2988482380001187,23832261,11918756,15448983
51200000,15,1,0.295227432000047,23837616,11913891,15448493
51200000,15,2,0.3114188699996703,23828668,11915681,15455651
51200000,15,3,0.2946684480002659,23832485,11919173,15448342
51200000,15,4,0.29342006699971535,23838059,11914567,15447374
51200000,16,0,0.28381609500002014,23833003,11917531,15449466
51200000,16,1,0.2842544860000089,23838997,11913152,15447851
51200000,16,2,0.2783794189999753,23828779,11916167,15455054
51200000,16,3,0.2749084289998791,23830769,11920452,15448779
51200000,16,4,0.28128784899990933,23839062,11913568,15447370
51200000,17,0,0.27127600799985885,23834659,11918245,15447096
51200000,17,1,0.2697550049997517,23839268,11912868,15447864
51200000,17,2,0.26695016699977714,23829306,11916855,15453839
51200000,17,3,0.2696581960003641,23829702,11920578,15449720
51200000,17,4,0.2694846320000579,23839511,11914398,15446091
51200000,18,0,0.25559688300018024,23833251,11918668,15448081
51200000,18,1,0.2570730759998696,23839268,11914253,15446479
51200000,18,2,0.25602686000001995,23831565,11915880,15452555
51200000,18,3,0.2561270510000213,23831073,11920956,15447971
51200000,18,4,0.25753553499998816,23840062,11914077,15445861
51200000,19,0,0.24508271200011222,23830473,11919044,15450483
51200000,19,1,0.2465346200001477,23839154,11914306,15446540
51200000,19,2,0.24294143699989945,23832251,11916575,15451174
51200000,19,3,0.24970370799974262,23833116,11920489,15446395
51200000,19,4,0.2515558489999421,23841383,11914197,15444420
51200000,20,0,0.24270822599964958,23830563,11918836,15450601
51200000,20,1,0.24334318100000019,23838009,11915155,15446836
51200000,20,2,0.23825544700002865,23833309,11917628,15449063
51200000,20,3,0.24341762599988215,23833627,11919719,15446654
51200000,20,4,0.2340002280002409,23841115,11914919,15443966
66400000,1,0,4.075511273999837,30915817,15458462,20025721
66400000,1,1,4.042326794000019,30912200,15450816,20036984
66400000,1,2,4.061727840000003,30912251,15448312,20039437
66400000,1,3,4.043830556999637,30912984,15455491,20031525
66400000,1,4,4.054782151000381,30907789,15449444,20042767
66400000,2,0,2.0703413579999506,30909955,15460171,20029874
66400000,2,1,2.0506448109999837,30907770,15455857,20036373
66400000,2,2,2.0614503830001922,30906959,15448433,20044608
66400000,2,3,2.074530116999995,30912899,15451024,20036077
66400000,2,4,2.04232468400005,30908399,15451070,20040531
66400000,3,0,1.3567436469998029,30908500,15458921,20032579
66400000,3,1,1.3628970380000283,30908678,15453950,20037372
66400000,3,2,1.3579917170000044,30910172,15450323,20039505
66400000,3,3,1.3596123269999225,30913081,15450152,20036767
66400000,3,4,1.3630823630001032,30906944,15452065,20040991
66400000,4,0,1.0308137679999163,30911972,15454104,20033924
66400000,4,1,1.02084418000004,30910841,15452474,20036685
66400000,4,2,1.0206193959998018,30910122,15449708,20040170
66400000,4,3,1.0295434469999236,30915254,15448466,20036280
66400000,4,4,1.0194163099999969,30912427,15452169,20035404
66400000,5,0,0.8257853629997953,30912582,15453766,20033652
66400000,5,1,0.8225474699997903,30912587,15450422,20036991
66400000,5,2,0.8238400000000183,30910164,15451065,20038771
66400000,5,3,0.8212368319996131,30913113,15449912,20036975
66400000,5,4,0.8175925599998664,30911902,15452398,20035700
66400000,6,0,0.6916988379998656,30911475,15454564,20033961
66400000,6,1,0.6870227539998268,30912023,15452436,20035541
66400000,6,2,0.6882528410001214,30912698,15448691,20038611
66400000,6,3,0.6906548679999105,30913003,15450089,20036908
66400000,6,4,0.6872779320001428,30911717,15450880,20037403
66400000,7,0,0.599288300000353,30911633,15456602,20031765
66400000,7,1,0.6010132640003576,30912616,15452902,20034482
66400000,7,2,0.595901959999992,30907500,15451690,20040810
66400000,7,3,0.5965289340001618,30914274,15449918,20035808
66400000,7,4,0.5974904969998533,30912815,15450812,20036373
66400000,8,0,0.5425932590001139,30912188,15454989,20032823
66400000,8,1,0.5354810730000281,30913357,15453967,20032676
66400000,8,2,0.5334596270004113,30903678,15453579,20042743
66400000,8,3,0.5351847880001515,30914265,15449273,20036462
66400000,8,4,0.5376619679996111,30912874,15451063,20036063
66400000,9,0,0.515622244000042,30915206,15452246,20032548
66400000,9,1,0.5059792179999931,30911482,15453401,20035117
66400000,9,2,0.505202774999816,30905285,15454454,20040261
66400000,9,3,0.5102169209999374,30914927,15449696,20035377
66400000,9,4,0.49990520600022137,30912178,15451135,20036687
66400000,10,0,0.48650120999991486,30914115,15452127,20033758
66400000,10,1,0.4748541160001878,30912957,15452811,20034232
66400000,10,2,0.475402694999957,30906422,15453485,20040093
66400000,10,3,0.48306646700029887,30914858,15449163,20035979
66400000,10,4,0.4721367279998958,30912032,15452857,20035111
66400000,11,0,0.4456852170001184,30912359,15455282,20032359
66400000,11,1,0.45458904699989944,30910911,15453891,20035198
66400000,11,2,0.463638383000216,30904141,15453905,20041954
66400000,11,3,0.44572217099994305,30913788,15452159,20034053
66400000,11,4,0.4601921579996997,30912286,15452090,20035624
66400000,12,0,0.4204589470000428,30911809,15455700,20032491
66400000,12,1,0.44611837699994794,30909255,15453945,20036800
66400000,12,2,0.4267556859999786,30903636,15453466,20042898
66400000,12,3,0.4281705640000837,30913713,15452541,20033746
66400000,12,4,0.44466894399965895,30911691,15452856,20035453
66400000,13,0,0.4115817980000429,30911467,15455110,20033423
66400000,13,1,0.407811913000387,30909090,15454367,20036543
66400000,13,2,0.3945705429996451,30903399,15454322,20042279
66400000,13,3,0.41415902400012783,30911131,15453766,20035103
66400000,13,4,0.4206947550001132,30912812,15452952,20034236
66400000,14,0,0.3792047609999827,30913727,15453153,20033120
66400000,14,1,0.3816742230001182,30911279,15450807,20037914
66400000,14,2,0.38757893299998614,30902240,15453616,20044144
66400000,14,3,0.40948582500004704,30910597,15453386,20036017
66400000,14,4,0.39051123099989127,30916175,15449482,20034343
66400000,15,0,0.3734088060000431,30911667,15454180,20034153
66400000,15,1,0.3832072770001105,30911841,15451914,20036245
66400000,15,2,0.36545759799992084,30902338,15451788,20045874
66400000,15,3,0.36448643899984745,30910227,15454701,20035072
66400000,15,4,0.38255201100037084,30916403,15449597,20034000
66400000,16,0,0.3471821509997426,30910797,15452967,20036236
66400000,16,1,0.3618060509998031,30911672,15452165,20036163
66400000,16,2,0.3650258559996473,30900841,15453053,20046106
66400000,16,3,0.361867847999747,30909446,15456601,20033953
66400000,16,4,0.3640376540001853,30915823,15449738,20034439
66400000,17,0,0.35288785700004155,30908855,15454740,20036405
66400000,17,1,0.3495871330001137,30912619,15451096,20036285
66400000,17,2,0.3433172730001388,30900962,15455341,20043697
66400000,17,3,0.34680486099978225,30908005,15456043,20035952
66400000,17,4,0.34784880100005466,30915208,15452025,20032767
66400000,18,0,0.33263581100027295,30907464,15455218,20037318
66400000,18,1,0.3381221919999007,30913072,15451512,20035416
66400000,18,2,0.3301829120000548,30904054,15454030,20041916
66400000,18,3,0.3366352809998716,30908048,15458717,20033235
66400000,18,4,0.33140979300014806,30915761,15451810,20032429
66400000,19,0,0.3202847129996371,30906241,15456392,20037367
66400000,19,1,0.32292269900017345,30913430,15450597,20035973
66400000,19,2,0.32335234199990737,30903068,15453426,20043506
66400000,19,3,0.3211524719999943,30909706,15457768,20032526
66400000,19,4,0.3265941199997542,30916959,15452091,20030950
66400000,20,0,0.3032728049997786,30906944,15456028,20037028
66400000,20,1,0.310386722000203,30914285,15451268,20034447
66400000,20,2,0.31160056799990343,30904347,15454928,20040725
66400000,20,3,0.30961086000024807,30908756,15458422,20032822
66400000,20,4,0.30996180399961304,30916839,15452800,20030361
