iteration,label,ranks,rank,overall_avg,overall_peak,job_avg,job_peak_rank,section_avg,section_peak,section_job_avg,section_job_peak_rank
0,mpi_matvec,1,0,1.061768142,525.210087618,1.061768142,525.210087618,1.061920205,539.519841142,1.061920205,539.519841142
0,mpi_matvec,1,0,1.054256349,464.144798887,1.054256349,464.144798887,1.054387615,499.002007799,1.054387615,499.002007799
0,mpi_matvec,1,0,1.040318508,486.854919057,1.040318508,486.854919057,1.040499806,539.519841142,1.040499806,539.519841142
0,mpi_matvec,1,0,1.027294554,475.850595432,1.027294554,475.850595432,1.027367950,487.448204172,1.027367950,487.448204172
0,mpi_matvec,1,0,0.974368656,475.963838072,0.974368656,475.963838072,0.974538153,526.038921697,0.974538153,526.038921697
0,mpi_matvec,1,0,1.003208331,487.567034753,1.003208331,487.567034753,1.003328100,526.038921697,1.003328100,526.038921697
0,mpi_matvec,1,0,1.071707846,407.913523165,1.071707846,407.913523165,1.071908708,444.148332977,1.071908708,444.148332977
0,mpi_matvec,1,0,1.050739764,115.540150365,1.050739764,115.540150365,1.050870935,116.890708439,1.050870935,116.890708439
0,mpi_matvec,1,0,1.019741517,454.338930789,1.019741517,454.338930789,1.019905132,487.567034753,1.019905132,487.567034753
0,mpi_matvec,1,0,1.073873418,499.625257880,1.073873418,499.625257880,1.074008180,512.426324768,1.074008180,512.426324768
0,mpi_matvec,1,0,1.033257921,464.900048720,1.033257921,464.900048720,1.033439123,512.557647395,1.033439123,512.557647395
0,mpi_matvec,1,0,1.002639035,487.567034753,1.002639035,487.567034753,1.002760282,526.038921697,1.002760282,526.038921697
0,mpi_matvec,1,0,0.968825733,425.260466729,0.968825733,425.260466729,0.969053647,444.148355404,0.969053647,444.148355404
0,mpi_matvec,1,0,1.045448807,464.792008949,1.045448807,464.792008949,1.045521925,475.963812318,1.045521925,475.963812318
0,mpi_matvec,1,0,1.078903826,475.963838072,1.078903826,475.963838072,1.079040205,512.557677262,1.079040205,512.557677262
0,mpi_matvec,1,0,0.900677307,416.406400690,0.900677307,416.406400690,0.900773562,444.247010150,0.900773562,444.247010150
0,mpi_matvec,1,0,0.910264092,512.557647395,0.910264092,512.557647395,0.910363100,526.038921697,0.910363100,526.038921697
0,mpi_matvec,1,0,1.030156321,487.448204172,1.030156321,487.448204172,1.030289357,525.900601067,1.030289357,525.900601067
0,mpi_matvec,1,0,1.064674178,475.963838072,1.064674178,475.963838072,1.064807949,499.750128840,1.064807949,499.750128840
0,mpi_matvec,1,0,1.038688056,475.963812318,1.038688056,475.963812318,1.038869815,526.038953156,1.038869815,526.038953156
0,mpi_matvec,1,0,1.033839342,416.406400690,1.033839342,416.406400690,1.034023107,454.235766847,1.034023107,454.235766847
0,mpi_matvec,1,0,0.764591803,454.235743390,0.764591803,454.235743390,0.764680856,475.850595432,0.764680856,475.850595432
0,mpi_matvec,1,0,0.962343693,454.338930789,0.962343693,454.338930789,0.962498972,487.567061779,0.962498972,487.567061779
0,mpi_matvec,1,0,1.065956235,499.625286260,1.065956235,499.625286260,1.066089806,512.426324768,1.066089806,512.426324768
0,mpi_matvec,1,0,1.029228953,487.567034753,1.029228953,487.567034753,1.029361383,526.038921697,1.029361383,526.038921697
0,mpi_matvec,1,0,1.076524253,464.792008949,1.076524253,464.792008949,1.076717817,512.557677262,1.076717817,512.557677262
0,mpi_matvec,1,0,1.052986038,464.900048720,1.052986038,464.900048720,1.053171894,512.557647395,1.053171894,512.557647395
0,mpi_matvec,1,0,1.066064950,475.963838072,1.066064950,475.963838072,1.066197635,512.557677262,1.066197635,512.557677262
0,mpi_matvec,1,0,1.079626402,487.448231185,1.079626402,487.448231185,1.079763775,526.038921697,1.079763775,526.038921697
0,mpi_matvec,1,0,1.048042605,444.148355404,1.048042605,444.148355404,1.048172392,475.850595432,1.048172392,475.850595432
0,mpi_matvec,1,0,1.054682421,475.963812318,1.054682421,475.963812318,1.054812683,499.750128840,1.054812683,499.750128840
0,mpi_matvec,1,0,1.048362776,512.426354620,1.048362776,512.426354620,1.048494558,540.102593982,1.048494558,540.102593982
0,mpi_matvec,1,0,1.038943868,499.750128840,1.038943868,499.750128840,1.039079507,540.248520426,1.039079507,540.248520426
0,mpi_matvec,1,0,1.042911307,407.913523165,1.042911307,407.913523165,1.043041074,434.499241571,1.043041074,434.499241571
0,mpi_matvec,1,0,1.062804647,487.567034753,1.062804647,487.567034753,1.063016202,526.038921697,1.063016202,526.038921697
0,mpi_matvec,1,0,1.127001508,522.466041089,1.127001508,522.466041089,1.127148250,551.572002600,1.127148250,551.572002600
0,mpi_matvec,1,0,1.057923488,451.263541083,1.057923488,451.263541083,1.058000938,472.701458234,1.058000938,472.701458234
0,mpi_matvec,1,0,1.070709850,472.813257628,1.070709850,472.813257628,1.070902868,509.164931006,1.070902868,509.164931006
0,mpi_matvec,1,0,1.060708408,432.432413594,1.060708408,432.432413594,1.060898261,473.596979597,1.060898261,473.596979597
0,mpi_matvec,1,0,1.033369120,473.596979597,1.033369120,473.596979597,1.033496550,497.265016058,1.033496550,497.265016058
0,mpi_matvec,1,0,1.052074552,497.388681746,1.052074552,497.388681746,1.052215768,523.423178893,1.052215768,523.423178893
0,mpi_matvec,1,0,1.006193466,375.304932981,1.006193466,375.304932981,1.006314742,390.091644943,1.006314742,390.091644943
0,mpi_matvec,1,0,1.041310693,452.079607016,1.041310693,452.079607016,1.041494165,497.265016058,1.041494165,497.265016058
0,mpi_matvec,1,0,1.045610261,326.104670566,1.045610261,326.104670566,1.045739523,342.935544870,1.045739523,342.935544870
0,mpi_matvec,1,0,1.067135909,485.201351037,1.067135909,485.201351037,1.067329446,537.634442164,1.067329446,537.634442164
0,mpi_matvec,1,0,0.976947849,473.596979597,0.976947849,473.596979597,0.977060980,485.083670655,0.977060980,485.083670655
0,mpi_matvec,1,0,1.012837367,405.926511567,1.012837367,405.926511567,1.013022559,432.432456112,1.013022559,432.432456112
0,mpi_matvec,1,0,1.014792585,485.201351037,1.014792585,485.201351037,1.014914183,510.073971670,1.014914183,510.073971670
0,mpi_matvec,1,0,1.070778822,485.201351037,1.070778822,485.201351037,1.070914434,523.560199216,1.070914434,523.560199216
0,mpi_matvec,1,0,1.016732759,485.201351037,1.016732759,485.201351037,1.016908089,523.423178893,1.016908089,523.423178893
0,mpi_matvec,1,0,1.030572169,497.388737997,1.030572169,497.388737997,1.030700954,537.634376441,1.030700954,537.634376441
0,mpi_matvec,1,0,0.990619423,390.015609425,0.990619423,390.015609425,0.990737717,414.421890507,0.990737717,414.421890507
0,mpi_matvec,1,0,1.067171861,355.176699032,1.067171861,355.176699032,1.067306572,375.375372350,1.067306572,375.375372350
0,mpi_matvec,1,0,1.062096405,390.015609425,1.062096405,390.015609425,1.062294990,423.190895960,1.062294990,423.190895960
0,mpi_matvec,1,0,1.059254247,296.912127031,1.059254247,296.912127031,1.059385894,306.044375903,1.059385894,306.044375903
0,mpi_matvec,1,0,1.064472902,485.201351037,1.064472902,485.201351037,1.064549001,510.073971670,1.064549001,510.073971670
0,mpi_matvec,1,0,1.006995084,485.201351037,1.006995084,485.201351037,1.007115232,509.943918485,1.007115232,509.943918485
0,mpi_matvec,1,0,1.062513498,473.596979597,1.062513498,473.596979597,1.062647127,497.265072281,1.062647127,497.265072281
0,mpi_matvec,1,0,1.055671951,414.421890507,1.055671951,414.421890507,1.055755492,423.280418493,1.055755492,423.280418493
0,mpi_matvec,1,0,1.069870595,473.596979597,1.069870595,473.596979597,1.070063736,509.943918485,1.070063736,509.943918485
0,mpi_matvec,1,0,1.067559547,414.421890507,1.067559547,414.421890507,1.067749342,441.988960553,1.067749342,441.988960553
0,mpi_matvec,1,0,1.055587905,473.709152023,1.055587905,473.709152023,1.055776612,510.073971670,1.055776612,510.073971670
0,mpi_matvec,1,0,1.065563862,473.596979597,1.065563862,473.596979597,1.065698670,510.073971670,1.065698670,510.073971670
0,mpi_matvec,1,0,0.986007413,415.023866555,0.986007413,415.023866555,0.986173327,442.771753183,0.986173327,442.771753183
0,mpi_matvec,1,0,1.034863164,362.253196913,1.034863164,362.253196913,1.035044952,390.701310417,1.035044952,390.701310417
0,mpi_matvec,1,0,1.029646984,452.796002332,1.029646984,452.796002332,1.029774240,474.383304031,1.029774240,474.383304031
0,mpi_matvec,1,0,1.076235606,474.383304031,1.076235606,474.383304031,1.076372789,485.908634134,1.076372789,485.908634134
0,mpi_matvec,1,0,1.029978434,463.391998945,1.029978434,463.391998945,1.030193768,510.855685969,1.030193768,510.855685969
0,mpi_matvec,1,0,1.059592103,474.383304031,1.059592103,474.383304031,1.059781892,510.855685969,1.059781892,510.855685969
0,mpi_matvec,1,0,1.071379918,452.796002332,1.071379918,452.796002332,1.071514772,485.908634134,1.071514772,485.908634134
0,mpi_matvec,1,0,1.049330872,486.026715174,1.049330872,486.026715174,1.049460108,524.246440795,1.049460108,524.246440795
0,mpi_matvec,1,0,1.123003718,1092.448470468,1.123003718,1092.448470468,1.123040142,1139.438773037,1.123040142,1139.438773037
0,mpi_matvec,1,0,1.091728830,1035.866866867,1.091728830,1035.866866867,1.091763925,1063.405553178,1.091763925,1063.405553178
0,mpi_matvec,1,0,1.093180063,1022.494884640,1.093180063,1022.494884640,1.093216397,1049.455549651,1.093216397,1049.455549651
0,mpi_matvec,1,0,1.065999866,1063.405553178,1.065999866,1063.405553178,1.066020618,1077.731350759,1.066020618,1077.731350759
0,mpi_matvec,1,0,1.095626421,984.736579001,1.095626421,984.736579001,1.095661879,1009.591073708,1.095661879,1009.591073708
0,mpi_matvec,1,0,1.100339100,1063.546924396,1.100339100,1063.546924396,1.100390030,1107.726388205,1.100390030,1107.726388205
0,mpi_matvec,1,0,1.085925615,1009.591131647,1.085925615,1009.591131647,1.085960367,1035.732758130,1.085960367,1035.732758130
0,mpi_matvec,1,0,1.067577535,996.884714064,1.067577535,996.884714064,1.067626485,1035.866927861,1.067626485,1035.866927861
0,mpi_matvec,1,0,1.096865247,1049.455612256,1.096865247,1049.455612256,1.096904446,1063.405553178,1.096904446,1063.405553178
0,mpi_matvec,1,0,1.074805828,896.157705605,1.074805828,896.157705605,1.074856356,938.306370880,1.074856356,938.306370880
0,mpi_matvec,1,0,1.094837529,1064.821023311,1.094837529,1064.821023311,1.094872918,1094.241555276,1.094872918,1094.241555276
0,mpi_matvec,1,0,1.095636440,1050.972150573,1.095636440,1050.972150573,1.095671849,1079.330839406,1.095671849,1079.330839406
0,mpi_matvec,1,0,1.071771007,1037.209927985,1.071771007,1037.209927985,1.071804925,1064.820958860,1.071804925,1064.820958860
0,mpi_matvec,1,0,1.069708779,1064.962706687,1.069708779,1064.962706687,1.069756872,1109.262320892,1.069756872,1109.262320892
0,mpi_matvec,1,0,1.098242630,1064.820958860,1.098242630,1064.820958860,1.098278374,1109.262390836,1.098278374,1109.262390836
0,mpi_matvec,1,0,1.051323908,1050.972150573,1.051323908,1050.972150573,1.051357658,1079.330839406,1.051357658,1079.330839406
0,mpi_matvec,1,0,1.013818605,1010.994567135,1.013818605,1010.994567135,1.013836739,1037.209927985,1.013836739,1037.209927985
0,mpi_matvec,1,0,1.112324102,907.646924149,1.112324102,907.646924149,1.112360552,939.628846494,1.112360552,939.628846494
0,mpi_matvec,1,0,1.108168314,939.628846494,1.108168314,939.628846494,1.108204353,962.232397365,1.108204353,962.232397365
0,mpi_matvec,1,0,1.114678397,1050.972150573,1.114678397,1050.972150573,1.114714922,1079.330839406,1.114714922,1079.330839406
0,mpi_matvec,1,0,1.082336295,294.724433883,1.082336295,294.724433883,1.082370959,296.912111998,1.082370959,296.912111998
0,mpi_matvec,1,0,1.096025868,633.864183367,1.096025868,633.864183367,1.096106634,671.197252776,1.096106634,671.197252776
0,mpi_matvec,1,0,1.110966529,783.008731951,1.110966529,783.008731951,1.111003038,831.946740669,1.111003038,831.946740669
0,mpi_matvec,1,0,1.109966311,986.071773877,1.109966311,986.071773877,1.110003632,1024.065520664,1.110003632,1024.065520664
0,mpi_matvec,1,0,1.101112719,1010.994567135,1.101112719,1010.994567135,1.101163608,1050.972150573,1.101163608,1050.972150573
0,mpi_matvec,1,0,1.099831874,1064.962771156,1.099831874,1064.962771156,1.099867336,1094.091906754,1.099867336,1094.091906754
0,mpi_matvec,1,0,1.103270259,1064.962706687,1.103270259,1064.962706687,1.103322438,1109.416218420,1.103322438,1109.416218420
0,mpi_matvec,1,0,1.112307056,1064.962771156,1.112307056,1064.962771156,1.112343435,1094.091906754,1.112343435,1094.091906754
0,mpi_matvec,1,0,1.007932951,868.149768682,1.007932951,868.149768682,1.007964350,897.363962292,1.007964350,897.363962292
0,mpi_matvec,1,0,1.082806216,868.055569398,1.082806216,868.055569398,1.082842342,897.464676064,1.082842342,897.464676064
0,mpi_matvec,1,0,1.015225030,1037.344419554,1.015225030,1037.344419554,1.015255993,1064.962706687,1.015255993,1064.962706687
0,mpi_matvec,1,0,1.065811743,713.076028958,1.065811743,713.076028958,1.065845166,732.802048209,1.065845166,732.802048209
0,mpi_matvec,1,0,1.075517212,950.796275050,1.075517212,950.796275050,1.075551935,986.071718606,1.075551935,986.071718606
0,mpi_matvec,1,0,1.090538913,887.508348399,1.090538913,887.508348399,1.090589278,918.062918396,1.090589278,918.062918396
0,mpi_matvec,1,0,0.890629140,1064.962706687,0.890629140,1064.962706687,0.890642592,1079.330839406,0.890642592,1079.330839406
0,mpi_matvec,1,0,1.091766284,1050.834102361,1.091766284,1050.834102361,1.091801809,1094.091906754,1.091801809,1094.091906754
0,mpi_matvec,1,0,1.184878392,1746.894458139,1.184878392,1746.894458139,1.184896169,1799.280259139,1.184896169,1799.280259139
0,mpi_matvec,1,0,1.113129527,1650.770330486,1.113129527,1650.770330486,1.113145714,1697.472622848,1.113145714,1697.472622848
0,mpi_matvec,1,0,1.104654389,1620.891440731,1.104654389,1620.891440731,1.104670582,1650.619023541,1.104670582,1650.619023541
0,mpi_matvec,1,0,1.127281707,1511.969810120,1.127281707,1511.969810120,1.127305522,1564.537130246,1.127305522,1564.537130246
0,mpi_matvec,1,0,1.119845177,1474.805398499,1.119845177,1474.805398499,1.119854939,1474.805398499,1.119854939,1474.805398499
0,mpi_matvec,1,0,1.114915616,1592.215827554,1.114915616,1592.215827554,1.114931848,1635.620167739,1.114931848,1635.620167739
0,mpi_matvec,1,0,1.111313305,1394.808219420,1.111313305,1394.808219420,1.111329474,1416.765025836,1.111329474,1416.765025836
0,mpi_matvec,1,0,1.121995454,1276.052745275,1.121995454,1276.052745275,1.122018945,1313.293436822,1.122018945,1313.293436822
0,mpi_matvec,1,0,1.122186476,1439.309122925,1.122186476,1439.309122925,1.122205159,1462.819946439,1.122205159,1462.819946439
0,mpi_matvec,1,0,1.122230445,1650.618954709,1.122230445,1650.618954709,1.122253904,1713.469798518,1.122253904,1713.469798518
0,mpi_matvec,1,0,1.096008565,1374.990472396,1.096008565,1374.990472396,1.096024601,1396.323005582,1.096024601,1396.323005582
0,mpi_matvec,1,0,1.088374070,1344.186367147,1.088374070,1344.186367147,1.088396177,1374.990424633,1.088396177,1374.990424633
0,mpi_matvec,1,0,1.110219479,1440.922164413,1.110219479,1440.922164413,1.110236010,1476.377926967,1.110236010,1476.377926967
0,mpi_matvec,1,0,1.114471730,1579.917490076,1.114471730,1579.917490076,1.114481581,1593.907706380,1.114481581,1593.907706380
0,mpi_matvec,1,0,1.081202686,1566.306949860,1.081202686,1566.306949860,1.081218922,1608.147969172,1.081218922,1608.147969172
0,mpi_matvec,1,0,0.933309107,1513.622577675,0.933309107,1513.622577675,0.933315692,1539.514191989,0.933315692,1539.514191989
0,mpi_matvec,1,0,1.058970545,1344.186367147,1.058970545,1344.186367147,1.059001419,1385.574634064,1.059001419,1385.574634064
0,mpi_matvec,1,0,0.995321819,1407.129430149,0.995321819,1407.129430149,0.995335197,1440.922216867,0.995335197,1440.922216867
0,mpi_matvec,1,0,0.845827319,1078.554739942,0.845827319,1078.554739942,0.845840952,1098.230633262,0.845840952,1098.230633262
0,mpi_matvec,1,0,1.009697534,1566.170667746,1.009697534,1566.170667746,1.009716956,1622.644909465,1.009716956,1622.644909465
0,mpi_matvec,1,0,1.027396524,1539.514251866,1.027396524,1539.514251866,1.027417395,1593.907706380,1.027417395,1593.907706380
0,mpi_matvec,1,0,0.897558665,1184.990098541,0.897558665,1184.990098541,0.897581464,1217.038537668,0.897581464,1217.038537668
0,mpi_matvec,1,0,0.822841884,1334.222848520,0.822841884,1334.222848520,0.822848489,1344.186412795,0.822848489,1344.186412795
0,mpi_matvec,1,0,0.956302960,1295.803039757,0.956302960,1295.803039757,0.956310969,1305.199073726,0.956310969,1305.199073726
0,mpi_matvec,1,0,1.028247690,1464.367060278,1.028247690,1464.367060278,1.028262274,1501.000660314,1.028262274,1501.000660314
0,mpi_matvec,1,0,1.000349896,1608.291589581,1.000349896,1608.291589581,1.000368605,1652.437367347,1.000368605,1652.437367347
0,mpi_matvec,1,0,0.987611042,1566.307011840,0.987611042,1566.307011840,0.987637509,1593.907770564,0.987637509,1593.907770564
0,mpi_matvec,1,0,1.099276395,1622.644909465,1.099276395,1622.644909465,1.099292237,1667.747613996,1.099292237,1667.747613996
0,mpi_matvec,1,0,0.817002005,1335.509739294,0.817002005,1335.509739294,0.817011721,1355.523750521,0.817011721,1355.523750521
0,mpi_matvec,1,0,0.892446765,1609.729925944,0.892446765,1609.729925944,0.892457371,1654.107705416,0.892457371,1654.107705416
0,mpi_matvec,1,0,0.869737859,1112.897246721,0.869737859,1112.897246721,0.869752188,1163.091268905,0.869752188,1163.091268905
0,mpi_matvec,1,0,0.797459224,1278.590683782,0.797459224,1278.590683782,0.797472064,1325.673873741,0.797472064,1325.673873741
0,mpi_matvec,1,0,1.027259430,1355.523750521,1.027259430,1355.523750521,1.027278882,1386.855681885,1.027278882,1386.855681885
0,mpi_matvec,1,0,0.986659921,1581.444429766,0.986659921,1581.444429766,0.986678260,1624.255530746,0.986678260,1624.255530746
0,mpi_matvec,1,0,0.726916914,1595.461821292,0.726916914,1595.461821292,0.727167245,1624.255530746,0.727167245,1624.255530746
0,mpi_matvec,1,0,1.119777190,1595.603248912,1.119777190,1595.603248912,1.119786893,1624.255530746,1.119786893,1624.255530746
0,mpi_matvec,1,0,1.166486304,2273.050177926,1.166486304,2273.050177926,1.166496292,2305.807733676,1.166496292,2305.807733676
0,mpi_matvec,1,0,1.105227814,2151.115888054,1.105227814,2151.115888054,1.105237952,2180.282095728,1.105237952,2180.282095728
0,mpi_matvec,1,0,0.660326282,2136.752154604,0.660326282,2136.752154604,0.660330870,2180.282028175,0.660330870,2180.282028175
0,mpi_matvec,1,0,1.114086627,1920.768330260,1.114086627,1920.768330260,1.114091941,1932.367155698,1.114091941,1932.367155698
0,mpi_matvec,1,0,1.111108191,1802.106209274,1.111108191,1802.106209274,1.111121184,1832.970557692,1.111121184,1832.970557692
0,mpi_matvec,1,0,1.115987986,2152.852573765,1.115987986,2152.852573765,1.115997290,2197.047697725,1.115997290,2197.047697725
0,mpi_matvec,1,0,1.061344736,1091.107457825,1.061344736,1091.107457825,1.061349734,1098.561560841,1.061349734,1098.561560841
0,mpi_matvec,1,0,1.057070855,1920.883575745,1.057070855,1920.883575745,1.057083755,1955.870640006,1.057083755,1955.870640006
0,mpi_matvec,1,0,1.078925277,1644.990504906,1.078925277,1644.990504906,1.078935255,1662.078626855,1.078935255,1662.078626855
0,mpi_matvec,1,0,1.073636090,2043.161747104,1.073636090,2043.161747104,1.073645866,2069.456157616,1.073645866,2069.456157616
0,mpi_matvec,1,0,1.084610978,1854.212555935,1.084610978,1854.212555935,1.084616076,1864.910544649,1.084616076,1864.910544649
0,mpi_matvec,1,0,1.093725015,1733.947447461,1.093725015,1733.947447461,1.093737948,1772.264062983,1.093737948,1772.264062983
0,mpi_matvec,1,0,1.093383179,2069.456096756,1.093383179,2069.456096756,1.093392103,2110.400292758,1.093392103,2110.400292758
0,mpi_matvec,1,0,1.087945649,1854.212507077,1.087945649,1854.212507077,1.087958277,1886.903728724,1.087958277,1886.903728724
0,mpi_matvec,1,0,1.107708113,1772.165915709,1.107708113,1772.165915709,1.107732778,1832.970557692,1.107732778,1832.970557692
0,mpi_matvec,1,0,1.107133062,1803.324864987,1.107133062,1803.324864987,1.107138311,1834.231328867,1.107138311,1834.231328867
0,mpi_matvec,1,0,1.105160793,2071.063320239,1.105160793,2071.063320239,1.105173612,2111.793069086,1.105173612,2111.793069086
0,mpi_matvec,1,0,1.103822999,2070.929350550,1.103822999,2070.929350550,1.103832129,2098.085477822,1.103832129,2098.085477822
0,mpi_matvec,1,0,1.090673968,2169.050368599,1.090673968,2169.050368599,1.090679934,2183.853187630,1.090679934,2183.853187630
0,mpi_matvec,1,0,1.103871458,1866.324543788,1.103871458,1866.324543788,1.103884282,1922.268231154,1.103884282,1922.268231154
0,mpi_matvec,1,0,1.100953789,2168.903355759,1.100953789,2168.903355759,1.100962868,2213.920031595,1.100962868,2213.920031595
0,mpi_matvec,1,0,1.026758040,1969.351953477,1.026758040,1969.351953477,1.026766386,1993.893656947,1.026766386,1993.893656947
0,mpi_matvec,1,0,1.053454312,2006.269588247,1.053454312,2006.269588247,1.053462696,2031.746047875,1.053462696,2031.746047875
0,mpi_matvec,1,0,1.053343326,2044.597787654,1.053343326,2044.597787654,1.053354947,2098.085540378,1.053354947,2098.085540378
0,mpi_matvec,1,0,1.102503309,1877.163159112,1.102503309,1877.163159112,1.102516397,1922.268231154,1.102516397,1922.268231154
0,mpi_matvec,1,0,1.093268678,2098.085477822,1.093268678,2098.085477822,1.093277641,2125.822099491,1.093277641,2125.822099491
0,mpi_matvec,1,0,1.096756283,2154.301900435,1.096756283,2154.301900435,1.096769017,2213.920031595,1.096769017,2213.920031595
0,mpi_matvec,1,0,1.112588610,2213.920031595,1.112588610,2213.920031595,1.112601631,2260.685283465,1.112601631,2260.685283465
0,mpi_matvec,1,0,1.070646814,2127.235312509,1.070646814,2127.235312509,1.070655503,2170.374381540,1.070655503,2170.374381540
0,mpi_matvec,1,0,1.118708974,2099.461979105,1.118708974,2099.461979105,1.118714599,2113.327178067,1.118714599,2113.327178067
0,mpi_matvec,1,0,1.125703936,2170.227189175,1.125703936,2170.227189175,1.125713141,2200.068769483,1.125713141,2200.068769483
0,mpi_matvec,1,0,1.131126346,2141.327657725,1.131126346,2141.327657725,1.131135707,2185.195339444,1.131135707,2185.195339444
0,mpi_matvec,1,0,1.123195702,1726.929300669,1.123195702,1726.929300669,1.123208879,1774.721327655,1.123208879,1774.721327655
0,mpi_matvec,1,0,1.129429452,2170.374381540,1.129429452,2170.374381540,1.129442793,2230.586967315,1.129442793,2230.586967315
0,mpi_matvec,1,0,1.124370182,1681.732164321,1.124370182,1681.732164321,1.124379808,1708.580299527,1.124379808,1708.580299527
0,mpi_matvec,1,0,1.125057599,2141.470955928,1.125057599,2141.470955928,1.125067101,2170.374381540,1.125067101,2170.374381540
0,mpi_matvec,1,0,1.161988172,2954.035182217,1.161988172,2954.035182217,1.161994485,2971.415013608,1.161994485,2971.415013608
0,mpi_matvec,1,0,1.083812165,2744.990365113,1.083812165,2744.990365113,1.083817718,2759.991188645,1.083817718,2759.991188645
0,mpi_matvec,1,0,1.063803667,2700.513135729,1.063803667,2700.513135729,1.063811282,2744.990365113,1.063811282,2744.990365113
0,mpi_matvec,1,0,1.126150038,2524.232612763,1.126150038,2524.232612763,1.126156033,2562.919659731,1.126156033,2562.919659731
0,mpi_matvec,1,0,1.122996133,2715.177793928,1.122996133,2715.177793928,1.123002041,2759.991188645,1.123002041,2759.991188645
0,mpi_matvec,1,0,1.128551438,2730.002724948,1.128551438,2730.002724948,1.128555009,2744.990433643,1.128555009,2744.990433643
0,mpi_matvec,1,0,1.101028603,2284.356725978,1.101028603,2284.356725978,1.101034388,2305.422371087,1.101034388,2305.422371087
0,mpi_matvec,1,0,1.097314895,2018.407883071,1.097314895,2018.407883071,1.097320743,2034.670770760,1.097320743,2034.670770760
0,mpi_matvec,1,0,1.098724399,2701.826459052,1.098724399,2701.826459052,1.098730317,2746.196477618,1.098730317,2746.196477618
0,mpi_matvec,1,0,1.092389717,1023.562406700,1.092389717,1023.562406700,1.092398359,1031.970451677,1.092398359,1031.970451677
0,mpi_matvec,1,0,1.066628127,2305.422371087,1.066628127,2305.422371087,1.066633665,2326.663552722,1.066633665,2326.663552722
0,mpi_matvec,1,0,1.071045355,1986.412912751,1.071045355,1986.412912751,1.071055441,2018.326407814,1.071055441,2018.326407814
0,mpi_matvec,1,0,1.072799548,2731.344894975,1.072799548,2731.344894975,1.072802892,2746.347384807,1.072802892,2746.347384807
0,mpi_matvec,1,0,1.050242667,2085.331760401,1.050242667,2085.331760401,1.050248125,2129.471892636,1.050248125,2129.471892636
0,mpi_matvec,1,0,1.047823874,2551.150556213,1.047823874,2551.150556213,1.047827050,2564.102593000,1.047827050,2564.102593000
0,mpi_matvec,1,0,1.092226945,2747.403719138,1.092226945,2747.403719138,1.092235144,2777.777819880,1.092235144,2777.777819880
0,mpi_matvec,1,0,1.053285321,2526.528562973,1.053285321,2526.528562973,1.053291143,2552.192309489,1.053291143,2552.192309489
0,mpi_matvec,1,0,1.094010508,2440.691171959,1.094010508,2440.691171959,1.094016186,2488.924297109,1.094016186,2488.924297109
0,mpi_matvec,1,0,1.102186322,2224.694089640,1.102186322,2224.694089640,1.102196926,2285.296393834,1.102196926,2285.296393834
0,mpi_matvec,1,0,1.08210,mpi_matvec,1,0,1.079626426,2688.605655133,1.079626426,2688.605655133,1.079634372,2732.539043397,1.079634372,2732.539043397
87451,2513.952408986,1.082187451,2513.952408986,1.082193143,2552.062043804,1.082193143,2552.062043804
0,mpi_matvec,1,0,1.051772773,2632.271634000,1.051772773,2632.271634000,1.051778045,2674.368900067,1.051778045,2674.368900067
0,mpi_matvec,1,0,1.138674786,2405.696707836,1.138674786,2405.696707836,1.138683484,2452.543293458,1.138683484,2452.543293458
0,mpi_matvec,1,0,1.136063801,2717.686695380,1.136063801,2717.686695380,1.136069866,2762.583561367,1.136069866,2762.583561367
0,mpi_matvec,1,0,1.106206173,2176.562781831,1.106206173,2176.562781831,1.106211982,2214.839423878,1.106211982,2214.839423878
0,mpi_matvec,1,0,1.112405417,2688.750233386,1.112405417,2688.750233386,1.112413863,2732.539111307,1.112413863,2732.539111307
0,mpi_matvec,1,0,1.130681660,2660.140462583,1.130681660,2660.140462583,1.130687717,2703.141060396,1.130687717,2703.141060396
0,mpi_matvec,1,0,1.144220733,2717.686695380,1.144220733,2717.686695380,1.144229450,2762.431003459,1.144229450,2762.431003459
0,mpi_matvec,1,0,1.113445815,2477.700710341,1.113445815,2477.700710341,1.113454135,2514.837505078,1.113454135,2514.837505078
0,mpi_matvec,1,0,1.113232545,2489.915840548,1.113232545,2489.915840548,1.113238704,2502.377239555,1.113238704,2502.377239555
0,mpi_matvec,1,0,1.116462195,2453.506056048,1.116462195,2453.506056048,1.116468106,2477.700654507,1.116468106,2477.700654507
0,mpi_matvec,1,0,1.120184852,2441.644704183,1.120184852,2441.644704183,1.120190896,2477.577937707,1.120190896,2477.577937707
0,mpi_matvec,1,0,1.093067182,2441.644649962,1.093067182,2441.644649962,1.093073073,2465.483269134,1.093073073,2465.483269134
0,mpi_matvec,1,0,1.129511213,2794.232713275,1.129511213,2794.232713275,1.129517242,2825.656929444,1.129517242,2825.656929444
0,mpi_matvec,1,0,1.112190825,2689.618029541,1.112190825,2689.618029541,1.112199162,2748.460866383,1.112199162,2748.460866383
0,mpi_matvec,1,0,1.088716797,2733.435340173,1.088716797,2733.435340173,1.088722371,2778.858475652,1.088722371,2778.858475652
0,mpi_matvec,1,0,1.149340197,3323.485954129,1.149340197,3323.485954129,1.149344484,3338.743299325,1.149344484,3338.743299325
0,mpi_matvec,1,0,1.142915423,3385.526841913,1.142915423,3385.526841913,1.142921465,3433.640109053,1.142921465,3433.640109053
0,mpi_matvec,1,0,1.142563356,3417.343013683,1.142563356,3417.343013683,1.142567646,3466.538277712,1.142567646,3466.538277712
0,mpi_matvec,1,0,1.118056675,3110.285501336,1.118056675,3110.285501336,1.118062469,3164.696062823,1.118062469,3164.696062823
0,mpi_matvec,1,0,1.097117144,2734.731050398,1.097117144,2734.731050398,1.097122742,2776.599438901,1.097122742,2776.599438901
0,mpi_matvec,1,0,1.108920782,3339.672552369,1.108920782,3339.672552369,1.108923165,3355.235568404,1.108923165,3355.235568404
0,mpi_matvec,1,0,1.128240432,3279.285885093,1.128240432,3279.285885093,1.128244593,3309.127676782,1.128244593,3309.127676782
0,mpi_matvec,1,0,1.146054211,3110.419926211,1.146054211,3110.419926211,1.146056711,3123.779774587,1.146056711,3123.779774587
0,mpi_matvec,1,0,1.143683081,3192.621462170,1.143683081,3192.621462170,1.143687328,3220.900118625,1.143687328,3220.900118625
0,mpi_matvec,1,0,1.142092197,3249.830753108,1.142092197,3249.830753108,1.142096513,3279.136468396,1.142096513,3279.136468396
0,mpi_matvec,1,0,1.084904753,2841.918304001,1.084904753,2841.918304001,1.084910326,2875.858722950,1.084910326,2875.858722950
0,mpi_matvec,1,0,1.027540513,2934.702891346,1.027540513,2934.702891346,1.027545598,2970.909818746,1.027545598,2970.909818746
0,mpi_matvec,1,0,1.028212743,3165.391715376,1.028212743,3165.391715376,1.028218145,3207.412689739,1.028218145,3207.412689739
0,mpi_matvec,1,0,1.017122092,3221.620637015,1.017122092,3221.620637015,1.017126332,3250.711098873,1.017126332,3250.711098873
0,mpi_matvec,1,0,1.003913029,3280.032765172,1.003913029,3280.032765172,1.003918572,3325.174379319,1.003918572,3325.174379319
0,mpi_matvec,1,0,1.104734923,3265.306107965,1.104734923,3265.306107965,1.104740623,3309.888282830,1.104740623,3309.888282830
0,mpi_matvec,1,0,1.102415104,3084.568638753,1.102415104,3084.568638753,1.102420984,3138.075287398,1.102420984,3138.075287398
0,mpi_matvec,1,0,1.128901336,3294.892859777,1.128901336,3294.892859777,1.128905708,3325.174379319,1.128905708,3325.174379319
0,mpi_matvec,1,0,1.119811840,3193.329447192,1.119811840,3193.329447192,1.119815976,3221.764792490,1.119815976,3221.764792490
0,mpi_matvec,1,0,1.110103271,3236.100460058,1.110103271,3236.100460058,1.110107344,3265.158097138,1.110107344,3265.158097138
0,mpi_matvec,1,0,1.110346124,3084.700729636,1.110346124,3084.700729636,1.110350252,3111.091919264,1.110350252,3111.091919264
0,mpi_matvec,1,0,0.833976231,2799.486766183,0.833976231,2799.486766183,0.833978656,2832.192599362,0.833978656,2832.192599362
0,mpi_matvec,1,0,0.816928530,2746.414435220,0.816928530,2746.414435220,0.816929862,2756.825074009,0.816929862,2756.825074009
0,mpi_matvec,1,0,0.978937383,2083.453894408,0.978937383,2083.453894408,0.978942328,2107.666649540,0.978942328,2107.666649540
0,mpi_matvec,1,0,0.940714164,2665.580651460,0.940714164,2665.580651460,0.940717676,2695.316897259,0.940717676,2695.316897259
0,mpi_matvec,1,0,0.919877511,2589.462353203,0.919877511,2589.462353203,0.919881777,2617.420374409,0.919881777,2617.420374409
0,mpi_matvec,1,0,0.947880454,3310.801471756,0.947880454,3310.801471756,0.947883689,3341.222339943,0.947883689,3341.222339943
0,mpi_matvec,1,0,0.953366625,2589.462310853,0.953366625,2589.462310853,0.953369963,2608.034194914,0.953369963,2608.034194914
0,mpi_matvec,1,0,1.114691437,2466.429153912,1.114691437,2466.429153912,1.114693755,2483.358061612,1.114693755,2483.358061612
0,mpi_matvec,1,0,1.120164712,3085.758345232,1.120164712,3085.758345232,1.120168776,3112.167712312,1.120168776,3112.167712312
0,mpi_matvec,1,0,1.121571319,3281.228590001,1.121571319,3281.228590001,1.121575550,3311.106049295,1.121575550,3311.106049295
0,mpi_matvec,1,0,1.107904070,3296.099615062,1.107904070,3296.099615062,1.107906724,3326.403282125,1.107906724,3326.403282125
0,mpi_matvec,1,0,1.093389392,2675.883587176,1.093389392,2675.883587176,1.093396612,2726.136846424,1.093396612,2726.136846424
0,mpi_matvec,1,0,1.125309571,3251.738771938,1.125309571,3251.738771938,1.125315492,3296.099615062,1.125315492,3296.099615062
0,mpi_matvec,1,0,1.124551173,2947.678705223,1.124551173,2947.678705223,1.124557132,3021.401604996,1.124557132,3021.401604996
0,mpi_matvec,1,0,1.119838240,3296.099615062,1.119838240,3296.099615062,1.119842723,3341.687556736,1.119842723,3341.687556736
0,mpi_matvec,1,0,1.124137982,3280.115178982,1.124137982,3280.115178982,1.124141116,3302.109315577,1.124141116,3302.109315577
0,mpi_matvec,1,0,1.135865256,3826.779685252,1.135865256,3826.779685252,1.135867030,3856.749306020,1.135867030,3856.749306020
0,mpi_matvec,1,0,1.137717027,3917.962637416,1.137717027,3917.962637416,1.137718853,3949.224265782,1.137718853,3949.224265782
0,mpi_matvec,1,0,0.958180972,3416.777073581,0.958180972,3416.777073581,0.958183438,3452.527749547,0.958183438,3452.527749547
0,mpi_matvec,1,0,0.950934405,1408.612668877,0.950934405,1408.612668877,0.950937750,1426.948951541,0.950937750,1426.948951541
0,mpi_matvec,1,0,0.942548345,3887.654728636,0.942548345,3887.654728636,0.942550745,3934.005080919,0.942550745,3934.005080919
0,mpi_matvec,1,0,0.838111216,3934.005080919,0.838111216,3934.005080919,0.838113902,3997.715597513,0.838113902,3997.715597513
0,mpi_matvec,1,0,0.817965727,3603.736143058,0.817965727,3603.736143058,0.817968237,3657.262287620,0.817968237,3657.262287620
0,mpi_matvec,1,0,0.789281047,2096.436060822,0.789281047,2096.436060822,0.789283389,2114.438591830,0.789283389,2114.438591830
0,mpi_matvec,1,0,0.786344135,3114.967721757,0.786344135,3114.967721757,0.786355847,3302.443088835,0.786355847,3302.443088835
0,mpi_matvec,1,0,0.841438633,3405.379122402,0.841438633,3405.379122402,0.841441348,3453.014341455,0.841441348,3453.014341455
0,mpi_matvec,1,0,0.871382082,3769.230811710,0.871382082,3769.230811710,0.871384191,3798.155184430,0.871384191,3798.155184430
0,mpi_matvec,1,0,0.862215955,3526.956031337,0.862215955,3526.956031337,0.862218105,3565.192098482,0.862218105,3565.192098482
0,mpi_matvec,1,0,0.832432462,1741.726804705,0.832432462,1741.726804705,0.832434437,1750.969280736,0.832434437,1750.969280736
0,mpi_matvec,1,0,0.855618770,3216.700560426,0.855618770,3216.700560426,0.855621537,3259.278979895,0.855621537,3259.278979895
0,mpi_matvec,1,0,0.736452103,3370.825169971,0.736452103,3370.825169971,0.736453052,3382.342779808,0.736453052,3382.342779808
0,mpi_matvec,1,0,0.680114565,3292.125786285,0.680114565,3292.125786285,0.680116245,3314.281831059,0.680116245,3314.281831059
0,mpi_matvec,1,0,0.890646086,3029.553616075,0.890646086,3029.553616075,0.890648596,3057.817686996,0.890648596,3057.817686996
0,mpi_matvec,1,0,0.856136704,408.455869830,0.856136704,408.455869830,0.856139226,411.004864998,0.856139226,411.004864998
0,mpi_matvec,1,0,0.833266176,3712.965055474,0.833266176,3712.965055474,0.833268139,3755.364798810,0.833268139,3755.364798810
0,mpi_matvec,1,0,0.827917043,1951.841296953,0.827917043,1951.841296953,0.827918994,1959.647263259,0.827918994,1959.647263259
0,mpi_matvec,1,0,1.130305584,3784.368257204,1.130305584,3784.368257204,1.130309987,3843.287971620,1.130309987,3843.287971620
0,mpi_matvec,1,0,1.102776022,3904.071371821,1.102776022,3904.071371821,1.102778988,3935.110836799,1.102778988,3935.110836799
0,mpi_matvec,1,0,1.095444809,3769.955795550,1.095444809,3769.955795550,1.095447788,3798.891338830,1.095447788,3798.891338830
0,mpi_matvec,1,0,1.091956341,3175.940610472,1.091956341,3175.940610472,1.091960553,3217.334226288,1.091960553,3217.334226288
0,mpi_matvec,1,0,1.072439657,3578.732096239,1.072439657,3578.732096239,1.072443608,3618.105288166,1.072443608,3618.105288166
0,mpi_matvec,1,0,1.096357987,3813.674788378,1.096357987,3813.674788378,1.096362080,3858.419599868,1.096362080,3858.419599868
0,mpi_matvec,1,0,1.057249872,3919.529689131,1.057249872,3919.529689131,1.057254071,3982.768447107,1.057254071,3982.768447107
0,mpi_matvec,1,0,1.135810766,3578.993486512,1.135810766,3578.993486512,1.135813872,3605.061751543,1.135813872,3605.061751543
0,mpi_matvec,1,0,1.137445022,3919.843235651,1.137445022,3919.843235651,1.137449465,3967.129460605,1.137449465,3967.129460605
0,mpi_matvec,1,0,1.144390416,3966.968875782,1.144390416,3966.968875782,1.144393556,3999.347108768,1.144393556,3999.347108768
0,mpi_matvec,1,0,1.059499778,1038.696754234,1.059499778,1038.696754234,1.059502478,1043.096932914,1.059502478,1043.096932914
0,mpi_matvec,1,0,1.110393582,3406.207644240,1.110393582,3406.207644240,1.110397868,3453.866207414,1.110397868,3453.866207414
0,mpi_matvec,1,0,1.103194313,3713.527833159,1.103194313,3713.527833159,1.103198508,3770.245867181,1.103198508,3770.245867181
0,mpi_matvec,1,0,1.133727479,3658.491055771,1.133727479,3658.491055771,1.133730585,3685.873346399,1.133730585,3685.873346399
0,mpi_matvec,1,0,1.128044291,3904.226975403,1.128044291,3904.226975403,1.128047342,3935.584922485,1.128047342,3935.584922485
0,mpi_matvec,1,0,1.123084937,4363.983506035,1.123084937,4363.983506035,1.123087264,4410.295279312,1.123087264,4410.295279312
0,mpi_matvec,1,0,1.108577755,4320.820950839,1.108577755,4320.820950839,1.108579112,4350.781793095,1.108579112,4350.781793095
0,mpi_matvec,1,0,1.114268823,4396.510274241,1.114268823,4396.510274241,1.114271202,4443.364524747,1.114271202,4443.364524747
0,mpi_matvec,1,0,1.109214684,4094.951687723,1.109214684,4094.951687723,1.109217032,4121.852207737,1.109217032,4121.852207737
0,mpi_matvec,1,0,1.109308777,4350.781793095,1.109308777,4350.781793095,1.109312124,4412.119517821,1.109312124,4412.119517821
0,mpi_matvec,1,0,1.111352775,4204.855288964,1.111352775,4204.855288964,1.111356095,4261.978453801,1.111356095,4261.978453801
0,mpi_matvec,1,0,0.925600065,3531.911406751,0.925600065,3531.911406751,0.925602590,3561.986906777,0.925602590,3561.986906777
0,mpi_matvec,1,0,0.905339732,2475.151810297,0.905339732,2475.151810297,0.905341461,2489.836399939,0.905341461,2489.836399939
0,mpi_matvec,1,0,0.920327126,2031.294639174,0.920327126,2031.294639174,0.920328221,2037.892065456,0.920328221,2037.892065456
0,mpi_matvec,1,0,0.890257656,3954.034341160,0.890257656,3954.034341160,0.890259342,3991.642483563,0.890259342,3991.642483563
0,mpi_matvec,1,0,0.715567032,2195.427334248,0.715567032,2195.427334248,0.715568118,2206.896548644,0.715568118,2206.896548644
0,mpi_matvec,1,0,0.720798169,3169.336675661,0.720798169,3169.336675661,0.720799262,3193.294088787,0.720799262,3193.294088787
0,mpi_matvec,1,0,0.721141228,3654.741145374,0.721141228,3654.741145374,0.721142735,3686.742101156,0.721142735,3686.742101156
0,mpi_matvec,1,0,0.694093465,4132.498182907,0.694093465,4132.498182907,0.694094484,4159.760850428,0.694094484,4159.760850428
0,mpi_matvec,1,0,0.645313543,2299.180910847,0.645313543,2299.180910847,0.645314752,2311.762892919,0.645314752,2311.762892919
0,mpi_matvec,1,0,1.114581583,3772.361561532,1.114581583,3772.361561532,1.114585863,3817.818458552,1.114585863,3817.818458552
0,mpi_matvec,1,0,1.115595688,4239.112448691,1.115595688,4239.112448691,1.115598034,4282.082107403,1.115598034,4282.082107403
0,mpi_matvec,1,0,1.110402285,4102.038240059,1.110402285,4102.038240059,1.110405563,4142.260745084,1.110405563,4142.260745084
0,mpi_matvec,1,0,1.104860818,4385.814679548,1.104860818,4385.814679548,1.104863124,4401.045273327,1.104863124,4401.045273327
0,mpi_matvec,1,0,1.106862356,4431.826097360,1.106862356,4431.826097360,1.106865642,4478.813087473,1.106865642,4478.813087473
0,mpi_matvec,1,0,1.016270407,4394.849807225,1.016270407,4394.849807225,1.016273167,4441.051923142,1.016273167,4441.051923142
0,mpi_matvec,1,0,1.097802131,3780.160089315,1.097802131,3780.160089315,1.097804423,3814.064385920,1.097804423,3814.064385920
0,mpi_matvec,1,0,1.120978108,4233.644248482,1.120978108,4233.644248482,1.120980475,4262.120366872,1.120980475,4262.120366872
0,mpi_matvec,1,0,1.107276091,4178.091100943,1.107276091,4178.091100943,1.107278371,4205.684294299,1.107278371,4205.684294299
0,mpi_matvec,1,0,1.126479860,3860.421634890,1.126479860,3860.421634890,1.126484250,3896.024839202,1.126484250,3896.024839202
0,mpi_matvec,1,0,1.117369337,4425.543658539,1.117369337,4425.543658539,1.117370707,4440.897914696,1.117370707,4440.897914696
0,mpi_matvec,1,0,1.114541290,4425.390654223,1.114541290,4425.390654223,1.114543617,4472.240704883,1.114543617,4472.240704883
0,mpi_matvec,1,0,1.130175523,4402.710426085,1.130175523,4402.710426085,1.130177892,4418.058798755,1.130177892,4418.058798755
0,mpi_matvec,1,0,1.042033267,3629.764069258,1.042033267,3629.764069258,1.042037881,3692.911344217,1.042037881,3692.911344217
0,mpi_matvec,1,0,1.101445539,4318.779894838,1.101445539,4318.779894838,1.101447825,4348.416941447,1.101447825,4348.416941447
0,mpi_matvec,1,0,1.088472304,4408.624385354,1.088472304,4408.624385354,1.088474506,4454.808074644,1.088474506,4454.808074644
0,mpi_matvec,1,0,1.080347735,4378.313656687,1.080347735,4378.313656687,1.080350852,4439.357717357,1.080350852,4439.357717357
0,mpi_matvec,1,0,1.044412425,2000.125011541,1.044412425,2000.125011541,1.044415516,2012.736849472,1.044415516,2012.736849472
0,mpi_matvec,1,0,1.082208763,1247.380989222,1.082208763,1247.380989222,1.082210924,1249.816919781,1.082210924,1249.816919781
0,mpi_matvec,1,0,1.123326206,3439.565772985,1.123326206,3439.565772985,1.123328568,3467.613011802,1.123328568,3467.613011802
0,mpi_matvec,1,0,1.127489038,3975.278724446,1.127489038,3975.278724446,1.127491388,4000.250023082,1.127491388,4000.250023082
0,mpi_matvec,1,0,1.179724140,5309.038444071,1.179724140,5309.038444071,1.179726131,5361.752801024,1.179726131,5361.752801024
0,mpi_matvec,1,0,1.136995391,5002.933821887,1.136995391,5002.933821887,1.136996491,5033.869823187,1.136996491,5033.869823187
0,mpi_matvec,1,0,1.134648540,4987.531127631,1.134648540,4987.531127631,1.134650433,5034.026316328,1.134650433,5034.026316328
0,mpi_matvec,1,0,1.125135358,4872.180467594,1.125135358,4872.180467594,1.125137280,4916.540230793,1.125137280,4916.540230793
0,mpi_matvec,1,0,1.135242407,5054.286740015,1.135242407,5054.286740015,1.135244280,5102.040846306,1.135244280,5102.040846306
0,mpi_matvec,1,0,1.130059567,4946.413894092,1.130059567,4946.413894092,1.130061510,4992.141975334,1.130061510,4992.141975334
0,mpi_matvec,1,0,1.002498488,4666.032971775,1.002498488,4666.032971775,1.002500589,4720.279728445,1.002500589,4720.279728445
0,mpi_matvec,1,0,0.971097402,3522.275114636,0.971097402,3522.275114636,0.971099375,3553.099103101,0.971099375,3553.099103101
0,mpi_matvec,1,0,0.954830956,4996.144954178,0.954830956,4996.144954178,0.954832315,5027.152860750,0.954832315,5027.152860750
0,mpi_matvec,1,0,0.971044383,4679.511194739,0.971044383,4679.511194739,0.971045775,4720.279728445,0.971045775,4720.279728445
0,mpi_matvec,1,0,0.795092107,2091.267029849,0.795092107,2091.267029849,0.795093113,2096.680254289,0.795093113,2096.680254289
0,mpi_matvec,1,0,0.787441714,1559.416661994,0.787441714,1559.416661994,0.787442320,1560.919205088,0.787442320,1560.919205088
0,mpi_matvec,1,0,0.780054071,1504.569432914,0.780054071,1504.569432914,0.780055429,1508.745134097,0.780055429,1508.745134097
0,mpi_matvec,1,0,0.780355459,1257.676091950,0.780355459,1257.676091950,0.780356424,1260.612099651,0.780356424,1260.612099651
0,mpi_matvec,1,0,0.835788129,1133.057296278,0.835788129,1133.057296278,0.835788717,1133.850334139,0.835788717,1133.850334139
0,mpi_matvec,1,0,0.693987756,61.455423763,0.693987756,61.455423763,0.693988164,61.469345011,0.693988164,61.469345011
0,mpi_matvec,1,0,0.676123842,22.930802905,0.676123842,22.930802905,0.676124518,22.931773443,0.676124518,22.931773443
0,mpi_matvec,1,0,0.675896316,49.839897022,0.675896316,49.839897022,0.675896984,49.844482139,0.675896984,49.844482139
0,mpi_matvec,1,0,0.681264149,64.551476823,0.681264149,64.551476823,0.681264842,64.556570087,0.681264842,64.556570087
0,mpi_matvec,1,0,0.666475358,66.469473902,0.666475358,66.469473902,0.666476021,66.477629453,0.666476021,66.477629453
0,mpi_matvec,1,0,0.667030656,21.609658077,0.667030656,21.609658077,0.667031318,21.610520001,0.667031318,21.610520001
0,mpi_matvec,1,0,1.120924687,493.218265739,1.120924687,493.218265739,1.121136085,533.191163996,1.121136085,533.191163996
0,mpi_matvec,1,0,0.973484532,438.404212693,0.973484532,438.404212693,0.973652859,469.704087536,0.973652859,469.704087536
0,mpi_matvec,1,0,1.056489754,458.820800356,1.056489754,458.820800356,1.056622469,481.116224998,1.056622469,481.116224998
0,mpi_matvec,1,0,0.989996462,386.772393107,0.989996462,386.772393107,0.990115632,402.495455602,0.990115632,402.495455602
0,mpi_matvec,1,0,0.988359616,448.329959114,0.988359616,448.329959114,0.988478499,469.704087536,0.988478499,469.704087536
0,mpi_matvec,1,0,1.038394342,469.704087536,1.038394342,469.704087536,1.038533211,505.816891518,1.038533211,505.816891518
0,mpi_matvec,1,0,1.055314718,402.576509195,1.055314718,402.576509195,1.055447023,419.639103797,1.055447023,419.639103797
0,mpi_matvec,1,0,0.884743204,448.329959114,0.884743204,448.329959114,0.884845477,469.704087536,0.884845477,469.704087536
0,mpi_matvec,1,0,0.968280989,493.096664884,0.968280989,493.096664884,0.968394886,519.210835160,0.968394886,519.210835160
0,mpi_matvec,1,0,0.813831397,372.231526501,0.813831397,372.231526501,0.813911119,386.772393107,0.813911119,386.772393107
0,mpi_matvec,1,0,1.032285527,469.704087536,1.032285527,469.704087536,1.032468157,519.076081622,1.032468157,519.076081622
0,mpi_matvec,1,0,0.966584002,419.727169832,0.966584002,419.727169832,0.966694898,448.329959114,0.966694898,448.329959114
0,mpi_matvec,1,0,1.051685176,428.816444138,1.051685176,428.816444138,1.051818246,458.820848222,1.051818246,458.820848222
0,mpi_matvec,1,0,1.001716607,358.680077074,1.001716607,358.680077074,1.001886193,386.772359093,1.001886193,386.772359093
0,mpi_matvec,1,0,0.895816583,481.116224998,0.895816583,481.116224998,0.895970632,533.191163996,0.895970632,533.191163996
0,mpi_matvec,1,0,1.029720727,419.727169832,1.029720727,419.727169832,1.029901427,458.715615191,1.029901427,458.715615191
0,mpi_matvec,1,0,1.032643974,419.727169832,1.032643974,419.727169832,1.032772112,448.329959114,1.032772112,448.329959114
0,mpi_matvec,1,0,1.027738453,340.136073957,1.027738453,340.136073957,1.028347058,428.908404654,1.028347058,428.908404654
0,mpi_matvec,1,0,1.009368127,458.715567347,1.009368127,458.715567347,1.009489579,481.116224998,1.009489579,481.116224998
0,mpi_matvec,1,0,1.055884397,469.704087536,1.055884397,469.704087536,1.056073612,505.816891518,1.056073612,505.816891518
0,mpi_matvec,1,0,1.059197881,481.116172367,1.059197881,481.116172367,1.059274385,505.816891518,1.059274385,505.816891518
0,mpi_matvec,1,0,1.056402782,482.509014979,1.056402782,482.509014979,1.056478733,507.227981239,1.056478733,507.227981239
0,mpi_matvec,1,0,1.030710945,482.392689723,1.030710945,482.392689723,1.030856890,520.426711205,1.030856890,520.426711205
0,mpi_matvec,1,0,1.024133842,420.875401156,1.024133842,420.875401156,1.024311813,449.539243615,1.024311813,449.539243615
0,mpi_matvec,1,0,1.063223545,395.647893211,1.063223545,395.647893211,1.063427203,420.875401156,1.063427203,420.875401156
0,mpi_matvec,1,0,1.049098059,460.087421032,1.049098059,460.087421032,1.049288941,507.227981239,1.049288941,507.227981239
0,mpi_matvec,1,0,1.037581888,299.670366839,1.037581888,299.670366839,1.037820750,324.254225829,1.037820750,324.254225829
0,mpi_matvec,1,0,1.053082682,494.437581075,1.053082682,494.437581075,1.053215182,520.426772787,1.053215182,520.426772787
0,mpi_matvec,1,0,1.053457921,439.560431335,1.053457921,439.560431335,1.053590019,459.981558167,1.053590019,459.981558167
0,mpi_matvec,1,0,0.994853228,471.031546153,0.994853228,471.031546153,0.994970475,507.227981239,0.994970475,507.227981239
0,mpi_matvec,1,0,1.059089141,403.714178076,1.059089141,403.714178076,1.059279023,439.560431335,1.059279023,439.560431335
0,mpi_matvec,1,0,0.881678649,482.392689723,0.881678649,482.392689723,0.881797746,507.099375103,0.881797746,507.099375103
0,mpi_matvec,1,0,1.048952571,470.920638088,1.048952571,470.920638088,1.049091269,494.437581075,1.049091269,494.437581075
0,mpi_matvec,1,0,0.978693277,471.031596601,0.978693277,471.031596601,0.978857114,494.559844269,0.978857114,494.559844269
0,mpi_matvec,1,0,1.002688651,470.920638088,1.002688651,470.920638088,1.002815438,507.099433572,1.002815438,507.099433572
0,mpi_matvec,1,0,0.536799324,403.632665771,0.536799324,403.632665771,0.536833997,420.875441432,0.536833997,420.875441432
0,mpi_matvec,1,0,1.088575034,1054.991386872,1.088575034,1054.991386872,1.088595113,1054.991386872,1.088595113,1054.991386872
0,mpi_matvec,1,0,1.094940412,988.997354630,1.094940412,988.997354630,1.094991135,1040.988922178,1.094991135,1040.988922178
0,mpi_matvec,1,0,1.077957037,1069.089938575,1.077957037,1069.089938575,1.077991667,1083.864018425,1.077991667,1083.864018425
0,mpi_matvec,1,0,1.044198558,1040.988922178,1.044198558,1040.988922178,1.044245027,1098.750125267,1.044245027,1098.750125267
0,mpi_matvec,1,0,1.089758293,1083.864018425,1.089758293,1083.864018425,1.089809837,1114.361328246,1.089809837,1114.361328246
0,mpi_matvec,1,0,1.077624581,919.963212550,1.077624581,919.963212550,1.077644492,941.841326600,1.077644492,941.841326600
0,mpi_matvec,1,0,0.929139424,753.508520973,0.929139424,753.508520973,0.929176827,791.217455192,0.929176827,791.217455192
0,mpi_matvec,1,0,1.083880041,869.376222457,1.083880041,869.376222457,1.083930012,909.297548940,1.083930012,909.297548940
0,mpi_matvec,1,0,1.091341341,1027.485173953,1.091341341,1027.485173953,1.091376799,1069.089938575,1.091376799,1069.089938575
0,mpi_matvec,1,0,1.048111441,1027.485233964,1.048111441,1027.485233964,1.048158996,1083.717194719,1.048158996,1083.717194719
0,mpi_matvec,1,0,1.072572894,911.576985309,1.072572894,911.576985309,1.072613284,933.053436762,1.072613284,933.053436762
0,mpi_matvec,1,0,1.026892143,881.154318202,1.026892143,881.154318202,1.026923754,901.205336297,1.026923754,901.205336297
0,mpi_matvec,1,0,1.086172772,979.072330119,1.086172772,979.072330119,1.086211978,1016.647604403,1.086211978,1016.647604403
0,mpi_matvec,1,0,1.038914861,922.190189253,1.038914861,922.190189253,1.038948700,944.064199787,1.038948700,944.064199787
0,mpi_matvec,1,0,1.091320783,1057.361879022,1.091320783,1057.361879022,1.091356282,1086.366122410,1.091356282,1086.366122410
0,mpi_matvec,1,0,1.046801122,1043.432850920,1.046801122,1043.432850920,1.046834323,1071.667822333,1.046834323,1071.667822333
0,mpi_matvec,1,0,1.071422054,922.190189253,1.071422054,922.190189253,1.071456509,944.175618909,1.071456509,944.175618909
0,mpi_matvec,1,0,0.665357789,955.452033655,0.665357789,955.452033655,0.665468743,979.072330119,0.665468743,979.072330119
0,mpi_matvec,1,0,0.978046926,769.897014427,0.978046926,769.897014427,0.978076137,793.021397351,0.978076137,793.021397351
0,mpi_matvec,1,0,0.912565913,1003.890092569,0.912565913,1003.890092569,0.912591523,1029.998689940,0.912591523,1029.998689940
0,mpi_matvec,1,0,0.668714962,1016.776816001,0.668714962,1016.776816001,0.668728855,1043.432912808,0.668728855,1043.432912808
0,mpi_matvec,1,0,1.012948587,891.067043243,1.012948587,891.067043243,1.012967160,911.577032544,1.012967160,911.577032544
0,mpi_matvec,1,0,0.979189712,826.104923345,0.979189712,826.104923345,0.979230713,871.459715968,0.979230713,871.459715968
0,mpi_matvec,1,0,0.990451131,793.100050435,0.990451131,793.100050435,0.990496023,826.019588102,0.990496023,826.019588102
0,mpi_matvec,1,0,0.996239334,777.453848973,0.996239334,777.453848973,0.996281842,809.225163344,0.996281842,809.225163344
0,mpi_matvec,1,0,0.971488189,979.072330119,0.971488189,979.072330119,0.971516534,1003.890092569,0.971516534,1003.890092569
0,mpi_matvec,1,0,0.847781587,1016.647604403,0.847781587,1016.647604403,0.847805431,1057.361879022,0.847805431,1057.361879022
0,mpi_matvec,1,0,1.049836605,1086.366122410,1.049836605,1086.366122410,1.049871451,1117.006391315,1.049871451,1117.006391315
0,mpi_matvec,1,0,1.107931096,1057.501647785,1.107931096,1057.501647785,1.107967622,1101.473213886,1.107967622,1101.473213886
0,mpi_matvec,1,0,1.076424500,672.099465864,1.076424500,672.099465864,1.076458957,683.643825195,1.076458957,683.643825195
0,mpi_matvec,1,0,1.021355691,683.643825195,1.021355691,683.643825195,1.021404217,708.089948546,1.021404217,708.089948546
0,mpi_matvec,1,0,1.034424703,871.459672799,1.034424703,871.459672799,1.034470377,901.205382464,1.034470377,901.205382464
0,mpi_matvec,1,0,1.052260108,967.118008062,1.052260108,967.118008062,1.052283915,979.072330119,1.052283915,979.072330119
0,mpi_matvec,1,0,1.067757005,955.452033655,1.067757005,955.452033655,1.067805447,1003.890092569,1.067805447,1003.890092569
0,mpi_matvec,1,0,0.631243554,1071.667757050,0.631243554,1071.667757050,0.631255468,1101.473213886,0.631255468,1101.473213886
0,mpi_matvec,1,0,1.081088915,1057.361879022,1.081088915,1057.361879022,1.081138317,1117.006462239,1.081138317,1117.006462239
0,mpi_matvec,1,0,1.171634738,1736.111119759,1.171634738,1736.111119759,1.171652306,1753.019071972,1.171652306,1753.019071972
0,mpi_matvec,1,0,1.085764147,1582.417552805,1.085764147,1582.417552805,1.085786455,1640.390060753,1.085786455,1640.390060753
0,mpi_matvec,1,0,1.125174740,1640.390060753,1.125174740,1640.390060753,1.125199014,1686.972830825,1.125199014,1686.972830825
0,mpi_matvec,1,0,1.097223058,1515.279078553,1.097223058,1515.279078553,1.097245773,1554.941209291,1.097245773,1554.941209291
0,mpi_matvec,1,0,1.117881086,1640.390060753,1.117881086,1640.390060753,1.117897516,1655.629127602,1.117897516,1655.629127602
0,mpi_matvec,1,0,1.110761112,1568.490818071,1.110761112,1568.490818071,1.110784232,1625.428901396,1.110784232,1625.428901396
0,mpi_matvec,1,0,1.102286474,1208.134792011,1.102286474,1208.134792011,1.102315948,1268.141471854,1.102315948,1268.141471854
0,mpi_matvec,1,0,1.112626962,1528.273045781,1.112626962,1528.273045781,1.112643159,1568.490755918,1.112643159,1568.490755918
0,mpi_matvec,1,0,1.118860470,1430.501450831,1.118860470,1430.501450831,1.118883802,1477.711204777,1.118883802,1477.711204777
0,mpi_matvec,1,0,1.119899293,1568.490755918,1.119899293,1568.490755918,1.119915931,1610.882396245,1.119915931,1610.882396245
0,mpi_matvec,1,0,1.087400564,1268.141471854,1.087400564,1268.141471854,1.087430340,1314.732279333,1.087430340,1314.732279333
0,mpi_matvec,1,0,1.078261751,1259.181549554,1.078261751,1259.181549554,1.078270999,1268.141471854,1.078270999,1268.141471854
0,mpi_matvec,1,0,1.105193932,1557.767183052,1.105193932,1557.767183052,1.105209966,1585.204759855,1.105209966,1585.204759855
0,mpi_matvec,1,0,1.100060304,1571.366177720,1.100060304,1571.366177720,1.100076569,1613.915562714,1.100076569,1613.915562714
0,mpi_matvec,1,0,1.025470045,1599.431295084,1.025470045,1599.431295084,1.025483920,1643.385354633,1.025483920,1643.385354633
0,mpi_matvec,1,0,1.123124827,1544.269050004,1.123124827,1544.269050004,1.123148786,1599.431295084,1.123148786,1599.431295084
0,mpi_matvec,1,0,1.123166104,1480.506647938,1.123166104,1480.506647938,1.123190071,1531.133061682,1.123190071,1531.133061682
0,mpi_matvec,1,0,1.093455534,1518.090622552,1.093455534,1518.090622552,1.093477930,1557.767183052,1.093477930,1557.767183052
0,mpi_matvec,1,0,1.110653583,1155.624044689,1.110653583,1155.624044689,1.110669764,1186.317796255,1.110669764,1186.317796255
0,mpi_matvec,1,0,1.118341884,1643.385422864,1.118341884,1643.385422864,1.118358172,1674.107145951,1.118358172,1674.107145951
0,mpi_matvec,1,0,1.100938836,1613.915496908,1.100938836,1613.915496908,1.100947931,1628.517147589,1.100947931,1628.517147589
0,mpi_matvec,1,0,1.122502151,1585.204759855,1.122502151,1585.204759855,1.122518715,1628.517147589,1.122518715,1628.517147589
0,mpi_matvec,1,0,1.114738961,1643.385354633,1.114738961,1643.385354633,1.114755674,1689.982211438,1.114755674,1689.982211438
0,mpi_matvec,1,0,1.110083559,1571.366177720,1.110083559,1571.366177720,1.110099990,1599.431295084,1.110099990,1599.431295084
0,mpi_matvec,1,0,1.104254140,1092.299296885,1.104254140,1092.299296885,1.104304283,1155.698241275,1.104304283,1155.698241275
0,mpi_matvec,1,0,1.105952458,1235.415268923,1.105952458,1235.415268923,1.105968651,1252.609610566,1.105968651,1252.609610566
0,mpi_matvec,1,0,1.113879767,1643.535406492,1.113879767,1643.535406492,1.113895976,1674.107145951,1.113895976,1674.107145951
0,mpi_matvec,1,0,1.116749417,1571.229013830,1.116749417,1571.229013830,1.116765831,1613.770870359,1.116765831,1613.770870359
0,mpi_matvec,1,0,1.119627001,1377.937676392,1.119627001,1377.937676392,1.119650416,1433.121023764,1.119650416,1433.121023764
0,mpi_matvec,1,0,1.103011195,1456.428482304,1.103011195,1456.428482304,1.103034013,1492.784896502,1.103034013,1492.784896502
0,mpi_matvec,1,0,1.087512429,1505.268444684,1.087512429,1505.268444684,1.087527889,1531.002772227,1.087527889,1531.002772227
0,mpi_matvec,1,0,1.103163885,1643.385354633,1.103163885,1643.385354633,1.103181261,1689.982139284,1.103181261,1689.982139284
0,mpi_matvec,1,0,1.114864821,1658.527623333,1.114864821,1658.527623333,1.114881416,1689.982139284,1.114881416,1689.982139284
0,mpi_matvec,1,0,1.105452555,1643.535474735,1.105452555,1643.535474735,1.105468518,1674.107145951,1.105468518,1674.107145951
0,mpi_matvec,1,0,1.109914746,1388.674559898,1.109914746,1388.674559898,1.109937877,1421.688672579,1.109937877,1421.688672579
0,mpi_matvec,1,0,1.120277268,1658.680383730,1.120277268,1658.680383730,1.120294242,1705.999458490,1.120294242,1705.999458490
0,mpi_matvec,1,0,1.153140090,2345.353292189,1.153140090,2345.353292189,1.153149699,2398.081479371,1.153149699,2398.081479371
0,mpi_matvec,1,0,1.118537715,2140.611454282,1.118537715,2140.611454282,1.118547005,2169.932864331,1.118547005,2169.932864331
0,mpi_matvec,1,0,1.113193637,2084.690552061,1.113193637,2084.690552061,1.113202820,2126.528439076,1.113202820,2126.528439076
0,mpi_matvec,1,0,1.127149923,1909.991624269,1.127149923,1909.991624269,1.127163225,1944.934034346,1.127163225,1944.934034346
0,mpi_matvec,1,0,1.127496789,2071.197368224,1.127496789,2071.197368224,1.127506204,2112.490115149,1.127506204,2112.490115149
0,mpi_matvec,1,0,1.126317421,2140.754591514,1.126317421,2140.754591514,1.126326602,2169.932864331,1.126326602,2169.932864331
0,mpi_matvec,1,0,1.100370014,1912.617249856,1.100370014,1912.617249856,1.100379240,1947.656730285,1.100379240,1947.656730285
0,mpi_matvec,1,0,1.113582202,1573.409380448,1.113582202,1573.409380448,1.113603052,1663.634013127,1.113603052,1663.634013127
0,mpi_matvec,1,0,1.125910747,2143.766273018,1.125910747,2143.766273018,1.125924099,2187.735021409,1.125924099,2187.735021409
0,mpi_matvec,1,0,1.124949938,2143.766338328,1.124949938,2143.766338328,1.124963340,2202.794784410,1.124963340,2202.794784410
0,mpi_matvec,1,0,1.107753801,1717.290987904,1.107753801,1717.290987904,1.107770747,1745.391092589,1.107770747,1745.391092589
0,mpi_matvec,1,0,1.123918849,1857.118020140,1.123918849,1857.118020140,1.123924187,1878.926666420,1.123924187,1878.926666420
0,mpi_matvec,1,0,1.113694454,1984.003972975,1.113694454,1984.003972975,1.113707861,2034.458630717,1.113707861,2034.458630717
0,mpi_matvec,1,0,1.119367487,2158.224847480,1.119367487,2158.224847480,1.119380680,2187.735021409,1.119380680,2187.735021409
0,mpi_matvec,1,0,1.128675100,2143.766338328,1.128675100,2143.766338328,1.128684385,2172.879777195,1.128684385,2172.879777195
0,mpi_matvec,1,0,1.097974988,936.685894219,1.097974988,936.685894219,1.097984767,1754.963257284,1.097984767,1754.963257284
0,mpi_matvec,1,0,1.108657223,1825.233892002,1.108657223,1825.233892002,1.108670262,1857.010200799,1.108670262,1857.010200799
0,mpi_matvec,1,0,1.108224405,1924.233299600,1.108224405,1924.233299600,1.108237246,1971.657448698,1.108237246,1971.657448698
0,mpi_matvec,1,0,1.126578280,2172.879710100,1.126578280,2172.879710100,1.126591564,2218.063388941,1.126591564,2218.063388941
0,mpi_matvec,1,0,1.105617166,1681.113724575,1.105617166,1681.113724575,1.105645510,1745.391049297,1.105645510,1745.391049297
0,mpi_matvec,1,0,1.128368474,2101.392180820,1.128368474,2101.392180820,1.128377840,2129.358561957,1.128377840,2129.358561957
0,mpi_matvec,1,0,1.171336700,2205.527632230,1.171336700,2205.527632230,1.171346443,2252.093774982,1.171346443,2252.093774982
0,mpi_matvec,1,0,1.105244349,1665.625642185,1.105244349,1665.625642185,1.105257176,1692.047369556,1.105257176,1692.047369556
0,mpi_matvec,1,0,1.099065205,1701.041908036,1.099065205,1701.041908036,1.099077993,1737.996923359,1.099077993,1737.996923359
0,mpi_matvec,1,0,1.101522827,2063.318053433,1.101522827,2063.318053433,1.101532211,2090.273696407,1.101532211,2090.273696407
0,mpi_matvec,1,0,1.098848672,1915.020976825,1.098848672,1915.020976825,1.098861384,1961.986472944,1.098861384,1961.986472944
0,mpi_matvec,1,0,1.127085168,1747.583412529,1.127085168,1747.583412529,1.127098633,1776.692015071,1.127098633,1776.692015071
0,mpi_matvec,1,0,1.111204660,2090.273696407,1.111204660,2090.273696407,1.111213868,2117.942971379,1.111213868,2117.942971379
0,mpi_matvec,1,0,1.098535236,1961.986527647,1.098535236,1961.986527647,1.098549349,1998.750742236,1.098549349,1998.750742236
0,mpi_matvec,1,0,1.098858391,2063.318053433,1.098858391,2063.318053433,1.098863498,2090.273696407,1.098863498,2090.273696407
0,mpi_matvec,1,0,1.104631027,1892.371390676,1.104631027,1892.371390676,1.104643781,1926.550232666,1.104643781,1926.550232666
0,mpi_matvec,1,0,1.128862612,1827.527137072,1.128862612,1827.527137072,1.128903896,1938.219258340,1.128903896,1938.219258340
0,mpi_matvec,1,0,1.131101594,2132.054103623,1.131101594,2132.054103623,1.131115089,2190.430538803,1.131115089,2190.430538803
0,mpi_matvec,1,0,1.030764289,2090.137167890,1.030764289,2090.137167890,1.030775500,2146.354532417,1.030775500,2146.354532417
0,mpi_matvec,1,0,1.119651856,2024.163430646,1.119651856,2024.163430646,1.119657754,2037.048844471,1.119657754,2037.048844471
0,mpi_matvec,1,0,1.127965895,2190.430538803,1.127965895,2190.430538803,1.127979223,2252.093774982,1.127979223,2252.093774982
0,mpi_matvec,1,0,1.188410316,2908.329440902,1.188410316,2908.329440902,1.188419572,2942.561217742,1.188419572,2942.561217742
0,mpi_matvec,1,0,1.133067710,2539.360075501,1.133067710,2539.360075501,1.133076289,2591.747914239,1.133076289,2591.747914239
0,mpi_matvec,1,0,1.132869377,2733.584780138,1.132869377,2733.584780138,1.132877987,2779.167388900,1.132877987,2779.167388900
0,mpi_matvec,1,0,1.114850807,2328.830941510,1.114850807,2328.830941510,1.114856736,2350.728708093,1.114856736,2350.728708093
0,mpi_matvec,1,0,1.129738560,2594.302923311,1.129738560,2594.302923311,1.129744559,2635.184942672,1.129744559,2635.184942672
0,mpi_matvec,1,0,1.130269057,1615.143584417,1.130269057,1615.143584417,1.130275160,1630.948884742,1.130275160,1630.948884742
0,mpi_matvec,1,0,1.013994235,1293.794955326,1.013994235,1293.794955326,1.013999477,1300.525413543,1.013999477,1300.525413543
0,mpi_matvec,1,0,1.014743024,2318.034337317,1.014743024,2318.034337317,1.014750321,2350.728708093,1.014750321,2350.728708093
0,mpi_matvec,1,0,1.006728288,2594.302923311,1.006728288,2594.302923311,1.006735428,2635.185005829,1.006735428,2635.185005829
0,mpi_matvec,1,0,1.001133557,2706.506416373,1.001133557,2706.506416373,1.001138605,2736.127829983,1.001138605,2736.127829983
0,mpi_matvec,1,0,1.018250467,2397.736533992,1.018250467,2397.736533992,1.018257766,2432.616522042,1.018257766,2432.616522042
0,mpi_matvec,1,0,1.028394765,2277.800578557,1.028394765,2277.800578557,1.028402082,2309.255521695,1.028402082,2309.255521695
0,mpi_matvec,1,0,1.023818142,2397.621557912,1.023818142,2397.621557912,1.023825538,2432.616522042,1.023825538,2432.616522042
0,mpi_matvec,1,0,1.072430424,2420.838595549,1.072430424,2420.838595549,1.072435972,2444.390107944,1.072435972,2444.390107944
0,mpi_matvec,1,0,1.065273225,2432.616522042,1.065273225,2432.616522042,1.065278786,2456.398939312,1.065278786,2456.398939312
0,mpi_matvec,1,0,1.010409673,2432.616522042,1.010409673,2432.616522042,1.010412947,2505.512131691,1.010412947,2505.512131691
0,mpi_matvec,1,0,0.990401450,340.894370430,0.990401450,340.894370430,0.990404529,341.126947655,0.990404529,341.126947655
0,mpi_matvec,1,0,1.016752711,898.053019408,1.016752711,898.053019408,1.016762128,907.819959991,1.016762128,907.819959991
0,mpi_matvec,1,0,1.014744028,2288.224802684,1.014744028,2288.224802684,1.014751296,2309.362130210,1.014751296,2309.362130210
0,mpi_matvec,1,0,1.018995820,2708.705798678,1.018995820,2708.705798678,1.019001173,2738.225605678,1.019001173,2738.225605678
0,mpi_matvec,1,0,1.019636341,2623.707835232,1.019636341,2623.707835232,1.019641654,2665.529324224,1.019641654,2665.529324224
0,mpi_matvec,1,0,1.038802568,2199.445769084,1.038802568,2199.445769084,1.038812395,2258.866084589,1.038812395,2258.866084589
0,mpi_matvec,1,0,1.038356973,2458.210423797,1.038356973,2458.210423797,1.038364663,2494.885488409,1.038364663,2494.885488409
0,mpi_matvec,1,0,1.047320595,2681.684071436,1.047320595,2681.684071436,1.047324045,2696.144465362,1.047324045,2696.144465362
0,mpi_matvec,1,0,1.017499096,2399.462499408,1.017499096,2399.462499408,1.017506353,2446.183971726,1.017506353,2446.183971726
0,mpi_matvec,1,0,1.047103311,2681.684136841,1.047103311,2681.684136841,1.047108755,2725.389774396,1.047108755,2725.389774396
0,mpi_matvec,1,0,1.063106422,2740.326668846,1.063106422,2740.326668846,1.063114295,2785.825675732,1.063114295,2785.825675732
0,mpi_matvec,1,0,1.062469174,2446.183971726,1.062469174,2446.183971726,1.062474723,2482.621612967,1.062474723,2482.621612967
0,mpi_matvec,1,0,1.027936085,2354.270641984,1.027936085,2354.270641984,1.027964516,2507.396862875,1.027964516,2507.396862875
0,mpi_matvec,1,0,1.022872803,2482.621669023,1.022872803,2482.621669023,1.022880266,2532.671468340,1.022880266,2532.671468340
0,mpi_matvec,1,0,1.001699185,2494.885488409,1.001699185,2494.885488409,1.001704361,2519.907234879,1.001704361,2519.907234879
0,mpi_matvec,1,0,1.005431918,2755.276355496,1.005431918,2755.276355496,1.005439228,2817.377636654,1.005439228,2817.377636654
0,mpi_matvec,1,0,1.001814966,2667.377962626,1.001814966,2667.377962626,1.001822109,2725.389706841,1.001822109,2725.389706841
0,mpi_matvec,1,0,0.998330903,2055.244976023,0.998330903,2055.244976023,0.998341998,2098.283610281,0.998341998,2098.283610281
0,mpi_matvec,1,0,1.011805703,2365.408247884,1.011805703,2365.408247884,1.011812880,2411.032900956,1.011812880,2411.032900956
0,mpi_matvec,1,0,1.035990065,2740.326668846,1.035990065,2740.326668846,1.035993088,2755.276355496,1.035993088,2755.276355496
0,mpi_matvec,1,0,1.064803814,1877.885284513,1.064803814,1877.885284513,1.064809203,1887.682869576,1.064809203,1887.682869576
0,mpi_matvec,1,0,1.057301160,3271.686267098,1.057301160,3271.686267098,1.057303446,3286.470660343,1.057303446,3286.470660343
0,mpi_matvec,1,0,1.055138252,2600.874173459,1.055138252,2600.874173459,1.055142071,2629.272560502,1.055142071,2629.272560502
0,mpi_matvec,1,0,1.022132731,2814.698977427,1.022132731,2814.698977427,1.022136256,2836.879444107,1.022136256,2836.879444107
0,mpi_matvec,1,0,1.057365390,3258.508317553,1.057365390,3258.508317553,1.057369351,3303.206856526,1.057369351,3303.206856526
0,mpi_matvec,1,0,1.031129793,3288.271844373,1.031129793,3288.271844373,1.031133395,3318.278223976,1.031133395,3318.278223976
0,mpi_matvec,1,0,1.136444897,2928.734120556,1.136444897,2928.734120556,1.136449150,2964.670991898,1.136449150,2964.670991898
0,mpi_matvec,1,0,1.144788981,3288.121675990,1.144788981,3288.121675990,1.144793250,3333.642023080,1.144793250,3333.642023080
0,mpi_matvec,1,0,1.143102662,3065.264547409,1.143102662,3065.264547409,1.143108711,3104.652686434,1.143108711,3104.652686434
0,mpi_matvec,1,0,1.141029819,3318.278223976,1.141029819,3318.278223976,1.141034071,3349.148754330,1.141034071,3349.148754330
0,mpi_matvec,1,0,1.056355042,2941.897532451,1.056355042,2941.897532451,1.056360355,2978.160171508,1.056360355,2978.160171508
0,mpi_matvec,1,0,1.113968101,2918.169701321,1.113968101,2918.169701321,1.113973913,2953.846145805,1.113973913,2953.846145805
0,mpi_matvec,1,0,1.087052749,3174.183341266,1.087052749,3174.183341266,1.087056642,3216.439552341,1.087056642,3216.439552341
0,mpi_matvec,1,0,1.097656008,3350.551426388,1.097656008,3350.551426388,1.097659930,3381.710591612,1.097659930,3381.710591612
0,mpi_matvec,1,0,1.067451695,3304.571302419,1.067451695,3304.571302419,1.067455464,3350.551497292,1.067455464,3350.551497292
0,mpi_matvec,1,0,1.168371907,3381.710591612,1.168371907,3381.710591612,1.168376268,3413.778350821,1.168376268,3413.778350821
0,mpi_matvec,1,0,1.112185646,2906.390027252,1.112185646,2906.390027252,1.112189751,2941.897532451,1.112189751,2941.897532451
0,mpi_matvec,1,0,1.127571566,2849.228316960,1.127571566,2849.228316960,1.127582903,2918.169647537,1.127582903,2918.169647537
0,mpi_matvec,1,0,1.135458321,3188.097781388,1.135458321,3188.097781388,1.135462606,3216.439552341,1.135462606,3216.439552341
0,mpi_matvec,1,0,1.139587712,2783.469263236,1.139587712,2783.469263236,1.139591943,2805.158369609,1.139591943,2805.158369609
0,mpi_matvec,1,0,1.132908705,3335.031663377,1.132908705,3335.031663377,1.132911189,3350.395515919,1.132911189,3350.395515919
0,mpi_matvec,1,0,1.152681790,3305.785158887,1.152681790,3305.785158887,1.152687914,3367.318323036,1.152687914,3367.318323036
0,mpi_matvec,1,0,1.067469274,2429.477669816,1.067469274,2429.477669816,1.067475721,2454.155031116,1.067475721,2454.155031116
0,mpi_matvec,1,0,1.114784668,3016.591255536,1.114784668,3016.591255536,1.114788752,3054.860145266,1.114788752,3054.860145266
0,mpi_matvec,1,0,1.123207689,3067.746106814,1.123207689,3067.746106814,1.123211783,3107.198335367,1.123211783,3107.198335367
0,mpi_matvec,1,0,1.138676920,3246.460507008,1.138676920,3246.460507008,1.138682915,3305.785089865,1.138682915,3305.785089865
0,mpi_matvec,1,0,1.123184428,3320.880047392,1.123184428,3320.880047392,1.123188632,3351.799232714,1.123188632,3351.799232714
0,mpi_matvec,1,0,1.035782199,2806.033006405,1.035782199,2806.033006405,1.035790266,2872.875260504,1.035790266,2872.875260504
0,mpi_matvec,1,0,1.115590027,2955.058519812,1.115590027,2955.058519812,1.115594070,2991.648297674,1.115594070,2991.648297674
0,mpi_matvec,1,0,1.143525620,3217.733244219,1.143525620,3217.733244219,1.143529902,3261.164989886,1.143529902,3261.164989886
0,mpi_matvec,1,0,1.137848110,2806.032956675,1.137848110,2806.032956675,1.137859895,2884.384238076,1.137859895,2884.384238076
0,mpi_matvec,1,0,1.125968001,3305.785089865,1.125968001,3305.785089865,1.125972164,3336.268004958,1.125972164,3336.268004958
0,mpi_matvec,1,0,1.130958434,3054.730597593,1.130958434,3054.730597593,1.130962692,3080.741119686,1.130962692,3080.741119686
0,mpi_matvec,1,0,1.122632751,3368.263480985,1.122632751,3368.263480985,1.122638723,3432.167021339,1.122638723,3432.167021339
0,mpi_matvec,1,0,1.091615016,3148.779832871,1.091615016,3148.779832871,1.091618963,3190.358082509,1.091618963,3190.358082509
0,mpi_matvec,1,0,1.106975828,3337.350564825,1.106975828,3337.350564825,1.106979832,3368.421058897,1.106979832,3368.421058897
0,mpi_matvec,1,0,1.185733600,3912.644263076,1.185733600,3912.644263076,1.185736919,3959.915918489,1.185736919,3959.915918489
0,mpi_matvec,1,0,1.105284290,3612.636847388,1.105284290,3612.636847388,1.105288457,3666.292531536,1.105288457,3666.292531536
0,mpi_matvec,1,0,1.088814927,3913.738041844,1.088814927,3913.738041844,1.088816586,3944.932021642,1.088816586,3944.932021642
0,mpi_matvec,1,0,1.140887757,3652.763795611,1.140887757,3652.763795611,1.140890894,3680.060101174,1.140890894,3680.060101174
0,mpi_matvec,1,0,1.133287574,3612.636847388,1.133287574,3612.636847388,1.133290655,3652.763795611,1.133290655,3652.763795611
0,mpi_matvec,1,0,1.132063010,3837.569009101,1.132063010,3837.569009101,1.132067525,3898.325284566,1.132067525,3898.325284566
0,mpi_matvec,1,0,1.045137282,3321.358376917,1.045137282,3321.358376917,1.045141174,3355.360028184,1.045141174,3355.360028184
0,mpi_matvec,1,0,1.045099720,3708.468903473,1.045099720,3708.468903473,1.045102524,3736.607308109,1.045102524,3736.607308109
0,mpi_matvec,1,0,1.022921113,3914.519686875,1.022921113,3914.519686875,1.022924823,3977.757028217,1.022924823,3977.757028217
0,mpi_matvec,1,0,1.019081651,3437.149273898,1.019081651,3437.149273898,1.019087570,3510.531606335,1.019087570,3510.531606335
0,mpi_matvec,1,0,1.045233512,2944.623056915,1.045233512,2944.623056915,1.045237436,3007.518787849,1.045237436,3007.518787849
0,mpi_matvec,1,0,1.027660894,3063.553092974,1.027660894,3063.553092974,1.027663745,3092.360606744,1.027663745,3092.360606744
0,mpi_matvec,1,0,1.012606053,3224.426667836,1.012606053,3224.426667836,1.012608757,3322.146514236,1.012608757,3322.146514236
0,mpi_matvec,1,0,1.005787849,2971.227603649,1.005787849,2971.227603649,1.005790537,2998.409010989,1.005790537,2998.409010989
0,mpi_matvec,1,0,0.987233997,3915.301644185,0.987233997,3915.301644185,0.987235550,3946.679586931,0.987235550,3946.679586931
0,mpi_matvec,1,0,0.988111796,3322.146514236,0.988111796,3322.146514236,0.988115258,3355.934478449,0.988115258,3355.934478449
0,mpi_matvec,1,0,0.977268568,3824.241069480,0.977268568,3824.241069480,0.977270991,3869.235629708,0.977270991,3869.235629708
0,mpi_matvec,1,0,0.973243973,3869.235629708,0.973243973,3869.235629708,0.973245402,3899.721406975,0.973245402,3899.721406975
0,mpi_matvec,1,0,0.989508156,3600.955349476,0.989508156,3600.955349476,0.989511630,3667.801899062,0.989511630,3667.801899062
0,mpi_matvec,1,0,0.953747667,3310.922683656,0.953747667,3310.922683656,0.953750003,3344.595768916,0.953750003,3344.595768916
0,mpi_matvec,1,0,1.082416542,3914.988823775,1.082416542,3914.988823775,1.082420649,3978.241445886,1.082420649,3978.241445886
0,mpi_matvec,1,0,1.027705749,3627.748588583,1.027705749,3627.748588583,1.027707389,3654.670930197,1.027707389,3654.670930197
0,mpi_matvec,1,0,0.985460047,1513.420019216,0.985460047,1513.420019216,0.985464613,1525.125660033,0.985464613,1525.125660033
0,mpi_matvec,1,0,1.021169617,1518.085356378,1.021169617,1518.085356378,1.021171384,1518.085356378,1.021171384,1518.085356378
0,mpi_matvec,1,0,1.019720916,3356.279326666,1.019720916,3356.279326666,1.019723802,3379.310366607,1.019723802,3379.310366607
0,mpi_matvec,1,0,1.058420719,3562.340952802,1.058420719,3562.340952802,1.058424702,3614.502300281,1.058424702,3614.502300281
0,mpi_matvec,1,0,1.054587170,3668.213760463,1.054587170,3668.213760463,1.054591111,3709.732391142,1.054591111,3709.732391142
0,mpi_matvec,1,0,1.049766261,2117.499627913,1.049766261,2117.499627913,1.049768989,2131.222394793,1.049768989,2131.222394793
0,mpi_matvec,1,0,1.145311934,2999.693898717,1.145311934,2999.693898717,1.145314996,3027.307542451,1.145314996,3027.307542451
0,mpi_matvec,1,0,0.786406768,3103.524732579,0.786406768,3103.524732579,0.786409104,3113.285470938,0.786409104,3113.285470938
0,mpi_matvec,1,0,0.785081031,3214.590302248,0.785081031,3214.590302248,0.785082724,3246.430583452,0.785082724,3246.430583452
0,mpi_matvec,1,0,0.785650493,3356.854144065,0.785650493,3356.854144065,0.785652915,3379.893047629,0.785652915,3379.893047629
0,mpi_matvec,1,0,0.773881135,3379.776484749,0.773881135,3379.776484749,0.773882727,3391.355504869,0.773882727,3391.355504869
0,mpi_matvec,1,0,0.717292812,3356.854196354,0.717292812,3356.854196354,0.717293638,3368.276368795,0.717293638,3368.276368795
0,mpi_matvec,1,0,0.799171253,2819.657047593,0.799171253,2819.657047593,0.799173268,2835.976371931,0.799173268,2835.976371931
0,mpi_matvec,1,0,0.716146229,3246.323044156,0.716146229,3246.323044156,0.716147614,3549.952908365,0.716147614,3549.952908365
0,mpi_matvec,1,0,1.103074409,4431.059008482,1.103074409,4431.059008482,1.103077597,4492.804460582,1.103077597,4492.804460582
0,mpi_matvec,1,0,1.149408645,4004.755664080,1.149408645,4004.755664080,1.149414125,4068.012061386,1.149414125,4068.012061386
0,mpi_matvec,1,0,1.142127508,4446.760424147,1.142127508,4446.760424147,1.142129901,4477.559716162,1.142129901,4477.559716162
0,mpi_matvec,1,0,1.128067726,4159.760788954,1.128067726,4159.760788954,1.128072078,4228.050474803,1.128072078,4228.050474803
0,mpi_matvec,1,0,1.125543531,4241.922168029,1.125543531,4241.922168029,1.125545873,4269.940296083,1.125545873,4269.940296083
0,mpi_matvec,1,0,1.122647037,4477.716349212,1.122647037,4477.716349212,1.122648389,4508.947455482,1.122648389,4508.947455482
0,mpi_matvec,1,0,1.132573364,4200.853273039,1.132573364,4200.853273039,1.132575722,4242.343873679,1.132575722,4242.343873679
0,mpi_matvec,1,0,1.131941956,4200.853273039,1.131941956,4200.853273039,1.131944332,4228.329809221,1.131944332,4228.329809221
0,mpi_matvec,1,0,1.066781449,4447.069476331,1.066781449,4447.069476331,1.066783568,4478.029648188,1.066783568,4478.029648188
0,mpi_matvec,1,0,1.138363490,3920.007315268,1.138363490,3920.007315268,1.138367868,3980.347028179,1.138367868,3980.347028179
0,mpi_matvec,1,0,1.136068102,4493.593150348,1.136068102,4493.593150348,1.136069455,4509.423999408,1.136069455,4509.423999408
0,mpi_matvec,1,0,1.129749945,4462.418077197,1.129749945,4462.418077197,1.129753337,4509.265140241,1.129753337,4509.265140241
0,mpi_matvec,1,0,1.051635829,4081.502521892,1.051635829,4081.502521892,1.051638764,4120.525331423,1.051638764,4120.525331423
0,mpi_matvec,1,0,1.086636973,4493.908675093,1.086636973,4493.908675093,1.086639180,4541.261581217,1.086639180,4541.261581217
0,mpi_matvec,1,0,1.075823206,4478.343062262,1.075823206,4478.343062262,1.075825473,4525.366786425,1.075825473,4525.366786425
0,mpi_matvec,1,0,1.079098474,3824.777400052,1.079098474,3824.777400052,1.079105359,3921.208229439,1.079105359,3921.208229439
0,mpi_matvec,1,0,1.089981183,3884.437933765,1.089981183,3884.437933765,1.089983471,3921.208229439,1.089983471,3921.208229439
0,mpi_matvec,1,0,1.083424308,4171.283297886,1.083424308,4171.283297886,1.083426618,4213.714287627,1.083426618,4213.714287627
0,mpi_matvec,1,0,1.101551890,4075.524587432,1.101551890,4075.524587432,1.101554274,4116.020274769,1.101554274,4116.020274769
0,mpi_matvec,1,0,1.054731549,4316.158596767,1.054731549,4316.158596767,1.054733741,4361.604217466,1.054733741,4361.604217466
0,mpi_matvec,1,0,1.044276552,4048.967149149,1.044276552,4048.967149149,1.044279571,4102.432590212,1.044279571,4102.432590212
0,mpi_matvec,1,0,0.952333871,3817.590728642,0.952333871,3817.590728642,0.952336043,3840.960239602,0.952336043,3840.960239602
0,mpi_matvec,1,0,0.962541307,1326.603583017,0.962541307,1326.603583017,0.962543139,1330.851853534,0.962543139,1330.851853534
0,mpi_matvec,1,0,0.964465041,1286.949527432,0.964465041,1286.949527432,0.964466870,1290.934217861,0.964466870,1290.934217861
0,mpi_matvec,1,0,0.953984302,4319.508664625,0.953984302,4319.508664625,0.953986132,4364.727545003,0.953986132,4364.727545003
0,mpi_matvec,1,0,0.964930609,3392.256094967,0.964930609,3392.256094967,0.964933400,3420.082310786,0.964933400,3420.082310786
0,mpi_matvec,1,0,0.883963861,4364.876383243,0.883963861,4364.876383243,0.883965117,4380.111528497,0.883965117,4380.111528497
0,mpi_matvec,1,0,0.878921702,3526.365094730,0.878921702,3526.365094730,0.878923461,3546.394053828,0.878923461,3546.394053828
0,mpi_matvec,1,0,0.611040117,433.193447649,0.611040117,433.193447649,0.611041225,433.792430364,0.611041225,433.792430364
0,mpi_matvec,1,0,0.588198686,276.595882597,0.588198686,276.595882597,0.588199458,276.778300542,0.588199458,276.778300542
0,mpi_matvec,1,0,0.650345721,1059.076616243,0.650345721,1059.0,mpi_matvec,1,0,0.599579541,511.027004544,0.599579541,511.027004544,0.599580056,511.443549617,0.599580056,511.443549617
076616243,0.650346622,1061.764850462,0.650346622,1061.764850462
0,mpi_matvec,1,0,0.587124392,488.015036649,0.587124392,488.015036649,0.587125110,488.583185559,0.587125110,488.583185559
0,mpi_matvec,1,0,0.408782666,1000.101570714,0.408782666,1000.101570714,0.408783228,1001.698193833,0.408783228,1001.698193833
0,mpi_matvec,1,0,1.121870659,4347.383059914,1.121870659,4347.383059914,1.121873000,4377.564978959,1.121873000,4377.564978959
0,mpi_matvec,1,0,1.116811123,4377.564978959,1.116811123,4377.564978959,1.116813480,4408.168837675,1.116813480,4408.168837675
0,mpi_matvec,1,0,0.998016333,5232.389135882,0.998016333,5232.389135882,0.998018433,5301.394121033,0.998018433,5301.394121033
0,mpi_matvec,1,0,1.122884551,5029.962429928,1.122884551,5029.962429928,1.122886415,5061.550982007,1.122886415,5061.550982007
0,mpi_matvec,1,0,1.117978267,4998.611475006,1.117978267,4998.611475006,1.117980102,5029.962429928,1.117980102,5029.962429928
0,mpi_matvec,1,0,1.078815846,4784.265113039,1.078815846,4784.265113039,1.078817563,4827.319078360,1.078817563,4827.319078360
0,mpi_matvec,1,0,1.082803870,4930.606287718,1.082803870,4930.606287718,1.082805606,4960.955471599,1.082805606,4960.955471599
0,mpi_matvec,1,0,1.072133250,5022.788582149,1.072133250,5022.788582149,1.072134962,5070.263844260,1.072134962,5070.263844260
0,mpi_matvec,1,0,1.129132463,5046.100145574,1.129132463,5046.100145574,1.129134336,5061.867214136,1.129134336,5061.867214136
0,mpi_matvec,1,0,1.126072598,4968.410740699,1.126072598,4968.410740699,1.126075262,5030.430996805,1.126075262,5030.430996805
0,mpi_matvec,1,0,1.131842104,4983.695313951,1.131842104,4983.695313951,1.131844786,5046.100145574,1.131844786,5046.100145574
0,mpi_matvec,1,0,1.124043194,5045.942972337,1.124043194,5045.942972337,1.124045846,5093.698950923,1.124045846,5093.698950923
0,mpi_matvec,1,0,0.898643873,56.853336293,0.898643873,56.853336293,0.898645860,56.871319155,0.898645860,56.871319155
0,mpi_matvec,1,0,0.922483399,177.092147006,0.922483399,177.092147006,0.922485308,177.169810644,0.922485308,177.169810644
0,mpi_matvec,1,0,0.854021465,112.649103593,0.854021465,112.649103593,0.854022797,112.664772230,0.854022797,112.664772230
0,mpi_matvec,1,0,0.636971232,2.244911752,0.636971232,2.244911752,0.636971619,2.244921084,0.636971619,2.244921084
0,mpi_matvec,1,0,0.811032243,277.952689512,0.811032243,277.952689512,0.811033087,278.048579425,0.811033087,278.048579425
0,mpi_matvec,1,0,0.590994800,26.598128870,0.590994800,26.598128870,0.590995181,26.603365982,0.590995181,26.603365982
0,mpi_matvec,1,0,0.568987463,3.605586817,0.568987463,3.605586817,0.568988012,3.605634966,0.568988012,3.605634966
0,mpi_matvec,1,0,0.684932350,44.841088170,0.684932350,44.841088170,0.684932877,44.847282546,0.684932877,44.847282546
0,mpi_matvec,1,0,0.646778557,72.760917503,0.646778557,72.760917503,0.646779283,72.770690120,0.646779283,72.770690120
0,mpi_matvec,1,0,0.645898436,45.764819114,0.645898436,45.764819114,0.646254599,47.624801232,0.646254599,47.624801232
0,mpi_matvec,1,0,0.633449969,62.322961440,0.633449969,62.322961440,0.633450886,62.330131151,0.633450886,62.330131151
