[
  {
    "Name": "Edward the Elder",
    "Country": "United Kingdom",
    "House": "House of Wessex",
    "Reign": "899-925",
    "ID": 1
  },
  {
    "Name": "Athelstan",
    "Country": "United Kingdom",
    "House": "House of Wessex",
    "Reign": "925-940",
    "ID": 2
  },
  {
    "Name": "Edmund",
    "Country": "United Kingdom",
    "House": "House of Wessex",
    "Reign": "940-946",
    "ID": 3
  },
  {
    "Name": "Edred",
    "Country": "United Kingdom",
    "House": "House of Wessex",
    "Reign": "946-955",
    "ID": 4
  },
  {
    "Name": "Edwy",
    "Country": "United Kingdom",
    "House": "House of Wessex",
    "Reign": "955-959",
    "ID": 5
  }
]