n,p,a,b,answer,time_seconds,speedup,efficiency
100000000,1,10.0,20.0,2333.333333332452,0.049184,1.0,1.0
100000000,2,10.0,20.0,2333.333333333584,0.028858,1.7043454154827082,0.8521727077413541
100000000,3,10.0,20.0,2333.333333333147,0.02278,2.1590869183494292,0.7196956394498097
100000000,4,10.0,20.0,2333.333333333384,0.018611,2.6427381656009885,0.6606845414002471
100000000,5,10.0,20.0,2333.333333333177,0.018004,2.7318373694734506,0.5463674738946901
100000000,6,10.0,20.0,2333.333333333259,0.01074,4.57951582867784,0.7632526381129733
100000000,7,10.0,20.0,2333.333333333227,0.014459,3.4016183691818243,0.4859454813116892
100000000,8,10.0,20.0,2333.333333333365,0.008818,5.5776820140621455,0.6972102517577682
100000000,9,10.0,20.0,2333.333333333316,0.011554,4.256880733944954,0.47298674821610603
100000000,10,10.0,20.0,2333.333333333313,0.0112,4.3914285714285715,0.43914285714285717
100000000,11,10.0,20.0,2333.33333333339,0.011688,4.20807665982204,0.38255242362018543
100000000,12,10.0,20.0,2333.333333333347,0.023693,2.075887392900857,0.1729906160750714
100000000,13,10.0,20.0,2333.333333333335,0.018247,2.69545678741711,0.20734282980131613
100000000,14,10.0,20.0,2333.333333333323,0.02844,1.729395218002813,0.12352822985734378
100000000,15,10.0,20.0,2333.33333333343,0.010105,4.867293419099456,0.32448622793996373
100000000,16,10.0,20.0,2333.333333333353,0.010384,4.7365177195685675,0.29603235747303547
100000000,17,10.0,20.0,2333.333333333388,0.023592,2.084774499830451,0.1226337941076736
100000000,18,10.0,20.0,2333.333333333321,0.009055,5.431695196024296,0.30176084422357197
100000000,19,10.0,20.0,2333.333333333379,0.014652,3.356811356811357,0.17667428193743984
100000000,20,10.0,20.0,2333.333333333384,0.008537,5.761274452383741,0.28806372261918706
200000000,1,10.0,20.0,2333.333333333117,0.084076,1.0,1.0
200000000,2,10.0,20.0,2333.333333332687,0.038711,2.17188912712149,1.085944563560745
200000000,3,10.0,20.0,2333.333333333745,0.034705,2.422590404840801,0.8075301349469336
200000000,4,10.0,20.0,2333.333333333569,0.022829,3.682859520784967,0.9207148801962417
200000000,5,10.0,20.0,2333.333333333299,0.017455,4.81672873102263,0.9633457462045261
200000000,6,10.0,20.0,2333.333333333408,0.021673,3.8792968209292664,0.6465494701548777
200000000,7,10.0,20.0,2333.333333333282,0.021013,4.001142150097558,0.5715917357282226
200000000,8,10.0,20.0,2333.33333333337,0.040938,2.0537398016512776,0.2567174752064097
200000000,9,10.0,20.0,2333.333333333419,0.021107,3.9833230681764342,0.4425914520196038
200000000,10,10.0,20.0,2333.333333333318,0.020582,4.084928578369449,0.4084928578369449
200000000,11,10.0,20.0,2333.333333333387,0.017836,4.713837183224938,0.4285306530204489
200000000,12,10.0,20.0,2333.333333333365,0.017243,4.875949660731891,0.4063291383943242
200000000,13,10.0,20.0,2333.333333333317,0.013888,6.0538594470046085,0.46568149592343144
200000000,14,10.0,20.0,2333.33333333331,0.015355,5.4754802995766845,0.3911057356840489
200000000,15,10.0,20.0,2333.333333333303,0.013079,6.428320207966969,0.42855468053113127
200000000,16,10.0,20.0,2333.333333333429,0.038473,2.185324773217581,0.13658279832609882
200000000,17,10.0,20.0,2333.333333333358,0.027238,3.0867170864233793,0.1815715933190223
200000000,18,10.0,20.0,2333.333333333335,0.013149,6.394098410525515,0.35522768947363975
200000000,19,10.0,20.0,2333.333333333365,0.029237,2.875671238499162,0.15135111781574537
200000000,20,10.0,20.0,2333.333333333304,0.011698,7.1872114891434435,0.3593605744571722
300000000,1,10.0,20.0,2333.333333333536,0.121926,1.0,1.0
300000000,2,10.0,20.0,2333.333333333735,0.066363,1.8372587134397178,0.9186293567198589
300000000,3,10.0,20.0,2333.333333333098,0.046491,2.6225721107311095,0.8741907035770365
300000000,4,10.0,20.0,2333.333333333148,0.036303,3.3585654078175358,0.8396413519543839
300000000,5,10.0,20.0,2333.333333333256,0.034611,3.5227528820317238,0.7045505764063448
300000000,6,10.0,20.0,2333.333333333317,0.027146,4.491490458999484,0.7485817431665808
300000000,7,10.0,20.0,2333.333333333222,0.022702,5.370716236454938,0.7672451766364198
300000000,8,10.0,20.0,2333.333333333415,0.024396,4.997786522380718,0.6247233152975897
300000000,9,10.0,20.0,2333.333333333379,0.067846,1.7970993131503699,0.1996777014611522
300000000,10,10.0,20.0,2333.333333333266,0.021518,5.666232921275212,0.5666232921275212
300000000,11,10.0,20.0,2333.333333333338,0.021739,5.60862965177791,0.509875422888901
300000000,12,10.0,20.0,2333.333333333319,0.021998,5.542594781343759,0.4618828984453132
300000000,13,10.0,20.0,2333.333333333433,0.021261,5.734725553830959,0.44113273491007376
300000000,14,10.0,20.0,2333.333333333298,0.051952,2.3468971358176782,0.16763550970126273
300000000,15,10.0,20.0,2333.333333333248,0.052652,2.3156955101420653,0.15437970067613768
300000000,16,10.0,20.0,2333.333333333419,0.049119,2.4822573749465584,0.1551410859341599
300000000,17,10.0,20.0,2333.333333333312,0.016525,7.378275340393343,0.4340161964937261
300000000,18,10.0,20.0,2333.333333333447,0.049325,2.4718905220476435,0.13732725122486908
300000000,19,10.0,20.0,2333.333333333378,0.016214,7.519797705686445,0.3957788266150761
300000000,20,10.0,20.0,2333.333333333291,0.031909,3.8210536212353885,0.19105268106176942
400000000,1,10.0,20.0,2333.333333333353,0.160136,1.0,1.0
400000000,2,10.0,20.0,2333.333333333313,0.085156,1.8805016675278314,0.9402508337639157
400000000,3,10.0,20.0,2333.333333333417,0.060213,2.659492136249647,0.8864973787498823
400000000,4,10.0,20.0,2333.33333333312,0.046913,3.4134674823609656,0.8533668705902414
400000000,5,10.0,20.0,2333.333333333325,0.035655,4.4912634974056935,0.8982526994811387
400000000,6,10.0,20.0,2333.333333333288,0.029244,5.47585829571878,0.9126430492864633
400000000,7,10.0,20.0,2333.333333333266,0.039086,4.097016834672261,0.5852881192388945
400000000,8,10.0,20.0,2333.333333333323,0.035714,4.483843870750966,0.5604804838438707
400000000,9,10.0,20.0,2333.333333333311,0.034697,4.615269331642505,0.5128077035158339
400000000,10,10.0,20.0,2333.333333333363,0.053392,2.999250824093497,0.2999250824093497
400000000,11,10.0,20.0,2333.333333333248,0.02905,5.5124268502581755,0.5011297136598342
400000000,12,10.0,20.0,2333.333333333233,0.030309,5.283447160909301,0.4402872634091084
400000000,13,10.0,20.0,2333.333333333258,0.028017,5.715672627333404,0.43966712517949263
400000000,14,10.0,20.0,2333.33333333336,0.026454,6.053375670976035,0.4323839764982882
400000000,15,10.0,20.0,2333.333333333358,0.023871,6.708390934606845,0.447226062307123
400000000,16,10.0,20.0,2333.33333333335,0.07432,2.154682454251884,0.13466765339074274
400000000,17,10.0,20.0,2333.333333333302,0.022193,7.215608525210651,0.42444756030650893
400000000,18,10.0,20.0,2333.333333333338,0.020337,7.874121060136696,0.43745117000759426
400000000,19,10.0,20.0,2333.33333333335,0.052994,3.0217760501188815,0.159040844743099
400000000,20,10.0,20.0,2333.333333333352,0.022139,7.233208365328155,0.3616604182664077
500000000,1,10.0,20.0,2333.333333332875,0.197745,1.0,1.0
500000000,2,10.0,20.0,2333.333333333288,0.104063,1.9002431219549696,0.9501215609774848
500000000,3,10.0,20.0,2333.333333333299,0.067242,2.9407959311144825,0.9802653103714941
500000000,4,10.0,20.0,2333.333333333679,0.05551,3.5623311115114396,0.8905827778778599
500000000,5,10.0,20.0,2333.333333333397,0.04289,4.610515271625088,0.9221030543250176
500000000,6,10.0,20.0,2333.333333333562,0.039139,5.052377424052735,0.8420629040087891
500000000,7,10.0,20.0,2333.333333333363,0.035541,5.563855828479784,0.7948365469256834
500000000,8,10.0,20.0,2333.333333333544,0.037158,5.32173421605038,0.6652167770062976
500000000,9,10.0,20.0,2333.333333333547,0.042794,4.62085806421461,0.5134286738016233
500000000,10,10.0,20.0,2333.333333333525,0.034858,5.67287279820988,0.567287279820988
500000000,11,10.0,20.0,2333.333333333365,0.035124,5.629911171848309,0.5118101065316645
500000000,12,10.0,20.0,2333.333333333361,0.037146,5.323453400096915,0.44362111667474297
500000000,13,10.0,20.0,2333.33333333331,0.032889,6.0124965794034475,0.46249973687718826
500000000,14,10.0,20.0,2333.333333333331,0.066122,2.9906082695623244,0.2136148763973089
500000000,15,10.0,20.0,2333.33333333321,0.03558,5.557757166947724,0.37051714446318157
500000000,16,10.0,20.0,2333.333333333267,0.060217,3.283873324808609,0.20524208280053807
500000000,17,10.0,20.0,2333.333333333268,0.064975,3.0434013081954596,0.17902360636443881
500000000,18,10.0,20.0,2333.333333333329,0.056875,3.476835164835165,0.19315750915750918
500000000,19,10.0,20.0,2333.333333333252,0.059393,3.329432761436533,0.17523330323350175
500000000,20,10.0,20.0,2333.33333333321,0.023078,8.568550134327065,0.42842750671635327
600000000,1,10.0,20.0,2333.333333333299,0.236502,1.0,1.0
600000000,2,10.0,20.0,2333.333333333362,0.122286,1.9340071635346645,0.9670035817673323
600000000,3,10.0,20.0,2333.333333333396,0.077423,3.0546736757810984,1.0182245585936995
600000000,4,10.0,20.0,2333.333333333361,0.060064,3.9375,0.984375
600000000,5,10.0,20.0,2333.333333333602,0.049182,4.808710503842869,0.9617421007685738
600000000,6,10.0,20.0,2333.333333333144,0.04639,5.098124595818064,0.8496874326363439
600000000,7,10.0,20.0,2333.333333333318,0.034798,6.7964250819012575,0.9709178688430368
600000000,8,10.0,20.0,2333.333333333272,0.051914,4.555649728396964,0.5694562160496205
600000000,9,10.0,20.0,2333.333333333299,0.04193,5.640400667779632,0.6267111853088481
600000000,10,10.0,20.0,2333.333333333405,0.049119,4.814878153056862,0.4814878153056862
600000000,11,10.0,20.0,2333.333333333379,0.044457,5.319792158715162,0.4836174689741057
600000000,12,10.0,20.0,2333.333333333183,0.040975,5.771860890787066,0.4809884075655888
600000000,13,10.0,20.0,2333.333333333189,0.038767,6.100601026646374,0.4692770020497211
600000000,14,10.0,20.0,2333.333333333232,0.035515,6.659214416443756,0.47565817260312543
600000000,15,10.0,20.0,2333.33333333331,0.032717,7.228719014579576,0.4819146009719717
600000000,16,10.0,20.0,2333.333333333271,0.070699,3.3451958302097626,0.20907473938811016
600000000,17,10.0,20.0,2333.333333333429,0.073349,3.2243384367885044,0.18966696686991202
600000000,18,10.0,20.0,2333.333333333316,0.028992,8.157491721854305,0.45319398454746135
600000000,19,10.0,20.0,2333.333333333329,0.031211,7.5775207458908715,0.39881688136267746
600000000,20,10.0,20.0,2333.333333333424,0.061273,3.859807745662853,0.19299038728314263
700000000,1,10.0,20.0,2333.33333333306,0.267588,1.0,1.0
700000000,2,10.0,20.0,2333.333333333097,0.1405,1.9045409252669037,0.9522704626334518
700000000,3,10.0,20.0,2333.333333333285,0.093829,2.8518688252032955,0.9506229417344318
700000000,4,10.0,20.0,2333.333333333377,0.072225,3.7049221183800625,0.9262305295950156
700000000,5,10.0,20.0,2333.333333333491,0.06066,4.411275964391692,0.8822551928783383
700000000,6,10.0,20.0,2333.333333333524,0.052462,5.100606153025047,0.8501010255041744
700000000,7,10.0,20.0,2333.33333333335,0.048943,5.467339558261651,0.781048508323093
700000000,8,10.0,20.0,2333.333333333348,0.051375,5.208525547445255,0.6510656934306569
700000000,9,10.0,20.0,2333.333333333223,0.047556,5.6267978803936405,0.6251997644881823
700000000,10,10.0,20.0,2333.333333333336,0.044309,6.039134261662416,0.6039134261662416
700000000,11,10.0,20.0,2333.333333333467,0.04182,6.398565279770444,0.5816877527064039
700000000,12,10.0,20.0,2333.33333333348,0.041456,6.454747201852566,0.5378956001543805
700000000,13,10.0,20.0,2333.333333333325,0.043542,6.145514675485738,0.4727318981142875
700000000,14,10.0,20.0,2333.33333333333,0.046123,5.801617414305228,0.41440124387894484
700000000,15,10.0,20.0,2333.33333333328,0.066347,4.033158997392497,0.2688772664928331
700000000,16,10.0,20.0,2333.333333333411,0.078171,3.4231108723183787,0.21394442951989867
700000000,17,10.0,20.0,2333.333333333253,0.066154,4.044925476917495,0.23793679275985263
700000000,18,10.0,20.0,2333.333333333332,0.073108,3.660173989166712,0.20334299939815068
700000000,19,10.0,20.0,2333.333333333353,0.031233,8.567476707328787,0.4509198267015151
700000000,20,10.0,20.0,2333.333333333269,0.030145,8.876695969480842,0.4438347984740421
800000000,1,10.0,20.0,2333.33333333333,0.309183,1.0,1.0
800000000,2,10.0,20.0,2333.333333333238,0.15851,1.950558324395937,0.9752791621979685
800000000,3,10.0,20.0,2333.333333333247,0.099186,3.117204040892868,1.039068013630956
800000000,4,10.0,20.0,2333.333333333224,0.080902,3.8216978566660895,0.9554244641665224
800000000,5,10.0,20.0,2333.333333333184,0.067669,4.569049343126099,0.9138098686252197
800000000,6,10.0,20.0,2333.333333333365,0.05555,5.565850585058505,0.9276417641764175
800000000,7,10.0,20.0,2333.333333333373,0.079396,3.8941886241120462,0.5563126605874352
800000000,8,10.0,20.0,2333.33333333322,0.06814,4.5374669797475775,0.5671833724684472
800000000,9,10.0,20.0,2333.333333333348,0.070231,4.402372171832951,0.4891524635369946
800000000,10,10.0,20.0,2333.333333333259,0.049851,6.20214238430523,0.6202142384305229
800000000,11,10.0,20.0,2333.333333333383,0.097383,3.174917593419796,0.2886288721290724
800000000,12,10.0,20.0,2333.333333333269,0.055543,5.566552040761212,0.463879336730101
800000000,13,10.0,20.0,2333.333333333365,0.084046,3.6787354543940225,0.2829796503380017
800000000,14,10.0,20.0,2333.333333333246,0.045297,6.825683820120538,0.48754884429432416
800000000,15,10.0,20.0,2333.333333333354,0.044408,6.962326607818411,0.46415510718789404
800000000,16,10.0,20.0,2333.333333333245,0.038957,7.936519752547681,0.49603248453423004
800000000,17,10.0,20.0,2333.33333333336,0.043796,7.059617316649922,0.4152716068617601
800000000,18,10.0,20.0,2333.333333333234,0.037441,8.257872385887127,0.4587706881048404
800000000,19,10.0,20.0,2333.333333333391,0.0355,8.709380281690141,0.4583884358784285
800000000,20,10.0,20.0,2333.333333333345,0.072595,4.259012328672773,0.21295061643363863
900000000,1,10.0,20.0,2333.333333333465,0.345891,1.0,1.0
900000000,2,10.0,20.0,2333.333333333243,0.1748,1.9787814645308923,0.9893907322654462
900000000,3,10.0,20.0,2333.333333333435,0.117137,2.952875692565116,0.9842918975217053
900000000,4,10.0,20.0,2333.333333333201,0.093541,3.6977475117862757,0.9244368779465689
900000000,5,10.0,20.0,2333.333333333272,0.071016,4.870606623859413,0.9741213247718825
900000000,6,10.0,20.0,2333.333333333306,0.068892,5.020771642570981,0.8367952737618302
900000000,7,10.0,20.0,2333.333333333305,0.059042,5.858388943463975,0.8369127062091393
900000000,8,10.0,20.0,2333.333333333219,0.061168,5.654770468218676,0.7068463085273345
900000000,9,10.0,20.0,2333.333333333368,0.059424,5.820728998384491,0.6467476664871658
900000000,10,10.0,20.0,2333.333333333316,0.058561,5.906507744061748,0.5906507744061748
900000000,11,10.0,20.0,2333.333333333276,0.091768,3.7691896957545112,0.3426536087049556
900000000,12,10.0,20.0,2333.333333333323,0.102675,3.3687947406866328,0.2807328950572194
900000000,13,10.0,20.0,2333.333333333251,0.097744,3.5387440661319367,0.272211082010149
900000000,14,10.0,20.0,2333.333333333306,0.051523,6.713331910020767,0.47952370785862625
900000000,15,10.0,20.0,2333.333333333397,0.089227,3.87652840507918,0.25843522700527866
900000000,16,10.0,20.0,2333.333333333317,0.086233,4.011121032551343,0.25069506453445894
900000000,17,10.0,20.0,2333.333333333318,0.062214,5.559697174269457,0.32704101025114457
900000000,18,10.0,20.0,2333.333333333353,0.065128,5.310941530524505,0.2950523072513614
900000000,19,10.0,20.0,2333.333333333287,0.068601,5.04206935758954,0.265372071452081
900000000,20,10.0,20.0,2333.33333333336,0.068745,5.031507746017892,0.2515753873008946
1000000000,1,10.0,20.0,2333.333333333531,0.383453,1.0,1.0
1000000000,2,10.0,20.0,2333.333333333321,0.196635,1.950075012078216,0.975037506039108
1000000000,3,10.0,20.0,2333.333333333289,0.13628,2.8137144115057233,0.9379048038352411
1000000000,4,10.0,20.0,2333.333333333444,0.1004,3.8192529880478086,0.9548132470119521
1000000000,5,10.0,20.0,2333.333333333311,0.080946,4.737145751488646,0.9474291502977292
1000000000,6,10.0,20.0,2333.333333333448,0.075101,5.105830814503135,0.8509718024171892
1000000000,7,10.0,20.0,2333.333333333366,0.09649,3.9740180329567827,0.5677168618509689
1000000000,8,10.0,20.0,2333.333333333581,0.051826,7.398853857137344,0.924856732142168
1000000000,9,10.0,20.0,2333.333333333355,0.066246,5.788319294749871,0.6431465883055413
1000000000,10,10.0,20.0,2333.333333333452,0.073816,5.19471388316896,0.519471388316896
1000000000,11,10.0,20.0,2333.333333333403,0.067734,5.661159831104024,0.5146508937367295
1000000000,12,10.0,20.0,2333.333333333379,0.064457,5.948973734427603,0.4957478112023002
1000000000,13,10.0,20.0,2333.333333333437,0.098594,3.889212325293628,0.29917017886874064
1000000000,14,10.0,20.0,2333.333333333296,0.055612,6.895148529094439,0.49251060922103135
1000000000,15,10.0,20.0,2333.333333333492,0.054659,7.015368008928081,0.4676912005952054
1000000000,16,10.0,20.0,2333.333333333424,0.090021,4.2595949833927635,0.2662246864620477
1000000000,17,10.0,20.0,2333.333333333418,0.051636,7.426078704779611,0.436828159104683
1000000000,18,10.0,20.0,2333.333333333316,0.045646,8.400582745476054,0.46669904141533636
1000000000,19,10.0,20.0,2333.333333333351,0.068452,5.601779349032899,0.2948304920543631
1000000000,20,10.0,20.0,2333.333333333408,0.070233,5.45972690900289,0.2729863454501445
1100000000,1,10.0,20.0,2333.33333333342,0.42168,1.0,1.0
1100000000,2,10.0,20.0,2333.333333333544,0.210273,2.0053929891141515,1.0026964945570758
1100000000,3,10.0,20.0,2333.333333333398,0.138191,3.051428819532386,1.0171429398441287
1100000000,4,10.0,20.0,2333.333333333478,0.108842,3.8742397236360966,0.9685599309090241
1100000000,5,10.0,20.0,2333.333333333438,0.096509,4.369333430042794,0.8738666860085589
1100000000,6,10.0,20.0,2333.333333333285,0.072949,5.780476771443063,0.9634127952405106
1100000000,7,10.0,20.0,2333.333333333271,0.069202,6.093465506777261,0.8704950723967516
1100000000,8,10.0,20.0,2333.333333333339,0.060975,6.915621156211562,0.8644526445264452
1100000000,9,10.0,20.0,2333.33333333327,0.100218,4.207627372328324,0.4675141524809249
1100000000,10,10.0,20.0,2333.333333333292,0.065726,6.41572589234093,0.641572589234093
1100000000,11,10.0,20.0,2333.333333333318,0.065568,6.431185944363103,0.5846532676693731
1100000000,12,10.0,20.0,2333.333333333327,0.07327,5.755152176880032,0.4795960147400027
1100000000,13,10.0,20.0,2333.333333333261,0.071587,5.8904549708746,0.4531119208365077
1100000000,14,10.0,20.0,2333.333333333282,0.080807,5.218359795562265,0.3727399853973047
1100000000,15,10.0,20.0,2333.333333333443,0.05566,7.57599712540424,0.5050664750269493
1100000000,16,10.0,20.0,2333.333333333308,0.055571,7.5881304997210774,0.47425815623256734
1100000000,17,10.0,20.0,2333.333333333334,0.078948,5.341237270101839,0.3141904276530494
1100000000,18,10.0,20.0,2333.333333333298,0.046425,9.083037156704362,0.5046131753724645
1100000000,19,10.0,20.0,2333.333333333371,0.057442,7.34097002193517,0.3863668432597458
1100000000,20,10.0,20.0,2333.333333333265,0.045543,9.258942098675977,0.46294710493379887
1200000000,1,10.0,20.0,2333.333333333296,0.462087,1.0,1.0
1200000000,2,10.0,20.0,2333.333333333279,0.230653,2.003386038768193,1.0016930193840965
1200000000,3,10.0,20.0,2333.333333333513,0.160854,2.872710656868962,0.9575702189563207
1200000000,4,10.0,20.0,2333.333333333371,0.116315,3.9727206293255386,0.9931801573313846
1200000000,5,10.0,20.0,2333.3333333333,0.096891,4.769142644827693,0.9538285289655386
1200000000,6,10.0,20.0,2333.333333333523,0.080999,5.704848208002568,0.9508080346670947
1200000000,7,10.0,20.0,2333.333333333412,0.08749,5.281597896902504,0.7545139852717863
1200000000,8,10.0,20.0,2333.333333333419,0.06561,7.042935528120713,0.8803669410150892
1200000000,9,10.0,20.0,2333.333333333312,0.090742,5.092316678054264,0.5658129642282516
1200000000,10,10.0,20.0,2333.333333333426,0.083647,5.524250720288833,0.5524250720288834
1200000000,11,10.0,20.0,2333.333333333365,0.067709,6.824602342376936,0.6204183947615397
1200000000,12,10.0,20.0,2333.33333333338,0.109216,4.2309460152358636,0.3525788346029886
1200000000,13,10.0,20.0,2333.33333333337,0.071367,6.474799276976754,0.49806148284436574
1200000000,14,10.0,20.0,2333.333333333354,0.066317,6.967851380490674,0.4977036700350482
1200000000,15,10.0,20.0,2333.333333333343,0.061863,7.469521361718637,0.49796809078124243
1200000000,16,10.0,20.0,2333.333333333339,0.092813,4.978688330298557,0.31116802064365984
1200000000,17,10.0,20.0,2333.333333333369,0.098397,4.696149272843685,0.27624407487315794
1200000000,18,10.0,20.0,2333.333333333284,0.070164,6.585813237557722,0.3658785131976512
1200000000,19,10.0,20.0,2333.333333333299,0.086631,5.333968209994113,0.2807351689470586
1200000000,20,10.0,20.0,2333.333333333343,0.048556,9.516578795617432,0.4758289397808716
1300000000,1,10.0,20.0,2333.333333333577,0.501506,1.0,1.0
1300000000,2,10.0,20.0,2333.33333333345,0.248788,2.0157965818287056,1.0078982909143528
1300000000,3,10.0,20.0,2333.333333333191,0.17313,2.896701900306128,0.9655673001020427
1300000000,4,10.0,20.0,2333.33333333329,0.126602,3.9612802325397705,0.9903200581349426
1300000000,5,10.0,20.0,2333.333333333438,0.106412,4.712870728865165,0.942574145773033
1300000000,6,10.0,20.0,2333.333333333343,0.088932,5.639207484370081,0.9398679140616801
1300000000,7,10.0,20.0,2333.333333333297,0.096884,5.17635522893357,0.7394793184190814
1300000000,8,10.0,20.0,2333.333333333284,0.07687,6.524079614934306,0.8155099518667882
1300000000,9,10.0,20.0,2333.333333333253,0.083769,5.986773149971947,0.6651970166635497
1300000000,10,10.0,20.0,2333.33333333334,0.111729,4.488592934690188,0.4488592934690188
1300000000,11,10.0,20.0,2333.333333333198,0.127344,3.9381988943334587,0.3580180813030417
1300000000,12,10.0,20.0,2333.333333333359,0.082459,6.0818831176706,0.5068235931392167
1300000000,13,10.0,20.0,2333.333333333471,0.076499,6.55571968261023,0.5042861294315562
1300000000,14,10.0,20.0,2333.333333333378,0.114144,4.393625595738716,0.3138303996956226
1300000000,15,10.0,20.0,2333.333333333419,0.098423,5.095414689655874,0.3396943126437249
1300000000,16,10.0,20.0,2333.333333333288,0.061002,8.22114029048228,0.5138212681551425
1300000000,17,10.0,20.0,2333.333333333349,0.106211,4.721789645140334,0.2777523320670785
1300000000,18,10.0,20.0,2333.333333333339,0.055605,9.019081017894074,0.5010600565496708
1300000000,19,10.0,20.0,2333.333333333336,0.065225,7.688861632809505,0.4046769280426055
1300000000,20,10.0,20.0,2333.333333333356,0.05292,9.47668178382464,0.473834089191232
1400000000,1,10.0,20.0,2333.333333333335,0.535438,1.0,1.0
1400000000,2,10.0,20.0,2333.333333333235,0.271977,1.9686885288094211,0.9843442644047106
1400000000,3,10.0,20.0,2333.33333333334,0.181821,2.944863354618003,0.9816211182060011
1400000000,4,10.0,20.0,2333.333333333374,0.138898,3.8549007185128654,0.9637251796282164
1400000000,5,10.0,20.0,2333.333333333341,0.1078,4.9669573283859,0.99339146567718
1400000000,6,10.0,20.0,2333.333333333359,0.092176,5.808865648324944,0.968144274720824
1400000000,7,10.0,20.0,2333.333333333356,0.077843,6.878434798247755,0.9826335426068222
1400000000,8,10.0,20.0,2333.333333333329,0.093307,5.738454778312452,0.7173068472890565
1400000000,9,10.0,20.0,2333.333333333357,0.095877,5.584634479593645,0.6205149421770717
1400000000,10,10.0,20.0,2333.333333333353,0.082385,6.499217090489774,0.6499217090489774
1400000000,11,10.0,20.0,2333.333333333356,0.118285,4.526677093460709,0.411516099405519
1400000000,12,10.0,20.0,2333.333333333396,0.136086,3.934556089531619,0.3278796741276349
1400000000,13,10.0,20.0,2333.33333333336,0.118067,4.535035191882574,0.3488488609140442
1400000000,14,10.0,20.0,2333.333333333359,0.075718,7.071475738926015,0.5051054099232868
1400000000,15,10.0,20.0,2333.333333333332,0.075199,7.1202808547986,0.4746853903199067
1400000000,16,10.0,20.0,2333.33333333324,0.106588,5.02343603407513,0.3139647521296956
1400000000,17,10.0,20.0,2333.333333333281,0.062912,8.510904120040692,0.5006414188259231
1400000000,18,10.0,20.0,2333.333333333271,0.071664,7.4715059164992175,0.4150836620277343
1400000000,19,10.0,20.0,2333.333333333301,0.060393,8.865895054062555,0.4666260554769766
1400000000,20,10.0,20.0,2333.333333333309,0.087526,6.117473664968123,0.30587368324840614
1500000000,1,10.0,20.0,2333.333333333659,0.56236,1.0,1.0
1500000000,2,10.0,20.0,2333.333333333409,0.287797,1.9540161989179872,0.9770080994589936
1500000000,3,10.0,20.0,2333.333333333249,0.194411,2.8926346760214185,0.9642115586738061
1500000000,4,10.0,20.0,2333.333333333352,0.149271,3.7673761145835427,0.9418440286458857
1500000000,5,10.0,20.0,2333.333333333139,0.116374,4.832350868750751,0.9664701737501502
1500000000,6,10.0,20.0,2333.333333333259,0.097702,5.755869890073898,0.9593116483456496
1500000000,7,10.0,20.0,2333.333333333376,0.08387,6.705138905448909,0.9578769864927013
1500000000,8,10.0,20.0,2333.333333333379,0.072724,7.732797975908916,0.9665997469886145
1500000000,9,10.0,20.0,2333.333333333389,0.096148,5.848899613096476,0.6498777347884973
1500000000,10,10.0,20.0,2333.333333333334,0.100474,5.597069888727432,0.5597069888727433
1500000000,11,10.0,20.0,2333.3333333334,0.091902,6.119126896041435,0.5562842632764942
1500000000,12,10.0,20.0,2333.333333333282,0.096309,5.839121992752494,0.4865934993960412
1500000000,13,10.0,20.0,2333.333333333276,0.077982,7.211407760765304,0.5547236739050234
1500000000,14,10.0,20.0,2333.333333333317,0.081001,6.942630337897063,0.49590216699264733
1500000000,15,10.0,20.0,2333.33333333332,0.07252,7.754550468836182,0.5169700312557455
1500000000,16,10.0,20.0,2333.333333333324,0.126059,4.461085682101238,0.2788178551313274
1500000000,17,10.0,20.0,2333.333333333283,0.071424,7.873543906810036,0.4631496415770609
1500000000,18,10.0,20.0,2333.333333333385,0.112186,5.0127466885351115,0.27848592714083953
1500000000,19,10.0,20.0,2333.333333333295,0.093069,6.0423986504636344,0.3180209816033492
1500000000,20,10.0,20.0,2333.333333333385,0.061022,9.215692700993085,0.4607846350496542
1600000000,1,10.0,20.0,2333.333333333344,0.614812,1.0,1.0
1600000000,2,10.0,20.0,2333.333333333299,0.305296,2.013822650804465,1.0069113254022326
1600000000,3,10.0,20.0,2333.333333333258,0.207249,2.966537836129487,0.9888459453764957
1600000000,4,10.0,20.0,2333.333333333369,0.146208,4.205050339242723,1.0512625848106807
1600000000,5,10.0,20.0,2333.333333333215,0.124943,4.920739857374963,0.9841479714749927
1600000000,6,10.0,20.0,2333.333333333277,0.107736,5.706653300660875,0.9511088834434792
1600000000,7,10.0,20.0,2333.333333333281,0.090891,6.764278091340177,0.9663254416200253
1600000000,8,10.0,20.0,2333.333333333378,0.101422,6.061919504643964,0.7577399380804954
1600000000,9,10.0,20.0,2333.333333333362,0.100873,6.0949114232748105,0.6772123803638679
1600000000,10,10.0,20.0,2333.333333333326,0.106408,5.777873844071874,0.5777873844071875
1600000000,11,10.0,20.0,2333.333333333321,0.086951,7.070786994974181,0.6427988177249255
1600000000,12,10.0,20.0,2333.333333333313,0.099187,6.198513918154597,0.5165428265128831
1600000000,13,10.0,20.0,2333.333333333295,0.083012,7.406302703223631,0.5697155925556638
1600000000,14,10.0,20.0,2333.333333333297,0.127377,4.826711258704476,0.3447650899074626
1600000000,15,10.0,20.0,2333.333333333309,0.078752,7.806938236489232,0.5204625490992821
1600000000,16,10.0,20.0,2333.333333333325,0.090822,6.769417101583317,0.4230885688489573
1600000000,17,10.0,20.0,2333.333333333338,0.104364,5.891035222873788,0.34653148369845815
1600000000,18,10.0,20.0,2333.333333333339,0.071912,8.549504950495049,0.4749724972497249
1600000000,19,10.0,20.0,2333.333333333352,0.090862,6.766437014373446,0.3561282639143919
1600000000,20,10.0,20.0,2333.333333333338,0.082363,7.464662530505202,0.3732331265252601
1700000000,1,10.0,20.0,2333.333333333232,0.640003,1.0,1.0
1700000000,2,10.0,20.0,2333.333333333341,0.3253,1.9674239163848757,0.9837119581924378
1700000000,3,10.0,20.0,2333.333333333527,0.219489,2.9158773332604366,0.9719591110868122
1700000000,4,10.0,20.0,2333.333333333435,0.172603,3.707948297538281,0.9269870743845703
1700000000,5,10.0,20.0,2333.333333333378,0.131086,4.882313900797949,0.9764627801595898
1700000000,6,10.0,20.0,2333.333333333428,0.109768,5.830506158443262,0.9717510264072103
1700000000,7,10.0,20.0,2333.333333333345,0.094265,6.789402217153769,0.9699146024505384
1700000000,8,10.0,20.0,2333.333333333246,0.094744,6.755076838638859,0.8443846048298573
1700000000,9,10.0,20.0,2333.333333333286,0.108213,5.9142894106992685,0.6571432678554743
1700000000,10,10.0,20.0,2333.333333333335,0.100346,6.377962250612879,0.6377962250612879
1700000000,11,10.0,20.0,2333.333333333367,0.106017,6.036795985549487,0.5487996350499533
1700000000,12,10.0,20.0,2333.333333333368,0.09918,6.452944141964105,0.5377453451636754
1700000000,13,10.0,20.0,2333.333333333379,0.138819,4.610341523854804,0.35464165568113876
1700000000,14,10.0,20.0,2333.333333333298,0.091715,6.978171509567682,0.49844082211197727
1700000000,15,10.0,20.0,2333.333333333323,0.086248,7.420496707170021,0.4946997804780014
1700000000,16,10.0,20.0,2333.333333333304,0.082834,7.7263321824371625,0.48289576140232265
1700000000,17,10.0,20.0,2333.333333333338,0.099345,6.442226584126026,0.37895450494858973
1700000000,18,10.0,20.0,2333.333333333314,0.102162,6.264589573422603,0.3480327540790335
1700000000,19,10.0,20.0,2333.333333333356,0.075271,8.502650423137728,0.44750791700724885
1700000000,20,10.0,20.0,2333.333333333361,0.068327,9.366765700235632,0.4683382850117816
1800000000,1,10.0,20.0,2333.333333333607,0.680898,1.0,1.0
1800000000,2,10.0,20.0,2333.333333333246,0.345123,1.9729140045722828,0.9864570022861414
1800000000,3,10.0,20.0,2333.333333333267,0.23242,2.9296015833405042,0.9765338611135014
1800000000,4,10.0,20.0,2333.333333333388,0.175065,3.889401079599006,0.9723502698997515
1800000000,5,10.0,20.0,2333.333333333137,0.140336,4.85191255273059,0.9703825105461179
1800000000,6,10.0,20.0,2333.333333333176,0.118765,5.733153706900182,0.955525617816697
1800000000,7,10.0,20.0,2333.333333333259,0.108145,6.296157936104304,0.8994511337291863
1800000000,8,10.0,20.0,2333.333333333311,0.128364,5.304431148920258,0.6630538936150322
1800000000,9,10.0,20.0,2333.333333333282,0.123721,5.503495768705394,0.6114995298561549
1800000000,10,10.0,20.0,2333.333333333241,0.104447,6.519076660890212,0.6519076660890212
1800000000,11,10.0,20.0,2333.33333333327,0.108551,6.272609188307801,0.5702371989370728
1800000000,12,10.0,20.0,2333.33333333328,0.101968,6.67756551074847,0.5564637925623724
1800000000,13,10.0,20.0,2333.333333333357,0.106263,6.407667767708422,0.49289752059295555
1800000000,14,10.0,20.0,2333.33333333332,0.09456,7.200697969543147,0.5143355692530819
1800000000,15,10.0,20.0,2333.333333333303,0.123614,5.508259582247965,0.3672173054831977
1800000000,16,10.0,20.0,2333.333333333295,0.108175,6.294411832678531,0.3934007395424082
1800000000,17,10.0,20.0,2333.333333333303,0.122285,5.568123645582042,0.3275366850342378
1800000000,18,10.0,20.0,2333.33333333331,0.101621,6.700367050117594,0.37224261389542185
1800000000,19,10.0,20.0,2333.333333333277,0.103462,6.581140901973671,0.3463758369459827
1800000000,20,10.0,20.0,2333.33333333328,0.106116,6.416544159221983,0.32082720796109915
1900000000,1,10.0,20.0,2333.333333333279,0.717432,1.0,1.0
1900000000,2,10.0,20.0,2333.333333333238,0.35358,2.029051416935347,1.0145257084676735
1900000000,3,10.0,20.0,2333.333333333208,0.246022,2.9161294518376404,0.9720431506125468
1900000000,4,10.0,20.0,2333.333333333215,0.184122,3.8965034053507996,0.9741258513376999
1900000000,5,10.0,20.0,2333.333333333334,0.149021,4.814301340079586,0.9628602680159173
1900000000,6,10.0,20.0,2333.333333333232,0.125201,5.730241771231858,0.9550402952053098
1900000000,7,10.0,20.0,2333.333333333369,0.108124,6.635270615219563,0.9478958021742232
1900000000,8,10.0,20.0,2333.333333333344,0.124354,5.769271595606091,0.7211589494507614
1900000000,9,10.0,20.0,2333.333333333277,0.119179,6.019785364871328,0.6688650405412587
1900000000,10,10.0,20.0,2333.333333333252,0.114377,6.272519824789948,0.6272519824789948
1900000000,11,10.0,20.0,2333.33333333338,0.151435,4.737557367847591,0.4306870334406901
1900000000,12,10.0,20.0,2333.333333333268,0.132994,5.394468923410078,0.44953907695083983
1900000000,13,10.0,20.0,2333.333333333242,0.108653,6.602965403624382,0.5079204156634141
1900000000,14,10.0,20.0,2333.333333333348,0.104818,6.844549600259497,0.4888964000185355
1900000000,15,10.0,20.0,2333.333333333204,0.098661,7.271687900994314,0.48477919339962094
1900000000,16,10.0,20.0,2333.333333333305,0.089993,7.972086717855833,0.49825541986598954
1900000000,17,10.0,20.0,2333.333333333324,0.130265,5.5074809043104445,0.3239694649594379
1900000000,18,10.0,20.0,2333.333333333334,0.118957,6.031019612128753,0.33505664511826405
1900000000,19,10.0,20.0,2333.333333333269,0.078949,9.087284196126612,0.4782781155856112
1900000000,20,10.0,20.0,2333.333333333306,0.079399,9.035781307069358,0.4517890653534679
2000000000,1,10.0,20.0,2333.333333333449,0.754936,1.0,1.0
2000000000,2,10.0,20.0,2333.333333333353,0.383077,1.9707160701373354,0.9853580350686677
2000000000,3,10.0,20.0,2333.333333333205,0.255992,2.94906090815338,0.9830203027177933
2000000000,4,10.0,20.0,2333.333333333381,0.196146,3.8488472872248227,0.9622118218062057
2000000000,5,10.0,20.0,2333.333333333416,0.157627,4.789382529642765,0.957876505928553
2000000000,6,10.0,20.0,2333.333333333314,0.132926,5.679370476806645,0.9465617461344409
2000000000,7,10.0,20.0,2333.333333333294,0.110652,6.822615045367459,0.9746592921953513
2000000000,8,10.0,20.0,2333.333333333359,0.098957,7.628929737158564,0.9536162171448205
2000000000,9,10.0,20.0,2333.333333333359,0.132071,5.716137532085016,0.6351263924538907
2000000000,10,10.0,20.0,2333.333333333283,0.115655,6.527482599109421,0.6527482599109421
2000000000,11,10.0,20.0,2333.333333333352,0.120388,6.270857560554209,0.5700779600503826
2000000000,12,10.0,20.0,2333.333333333346,0.107488,7.023444477523073,0.5852870397935894
2000000000,13,10.0,20.0,2333.333333333423,0.115317,6.546614983046732,0.5035857679266716
2000000000,14,10.0,20.0,2333.333333333384,0.13755,5.488447837150128,0.3920319883678663
2000000000,15,10.0,20.0,2333.333333333385,0.099982,7.5507191294433005,0.50338127529622
2000000000,16,10.0,20.0,2333.333333333341,0.092444,8.166414261607027,0.5104008913504392
2000000000,17,10.0,20.0,2333.333333333403,0.091623,8.239590495836199,0.48468179387271754
2000000000,18,10.0,20.0,2333.333333333407,0.104408,7.230633667918168,0.40170187043989825
2000000000,19,10.0,20.0,2333.333333333423,0.08279,9.118685831622177,0.47993083324327246
2000000000,20,10.0,20.0,2333.333333333337,0.080591,9.367497611395814,0.4683748805697907
