n,trial_index,total_s,read_s,compute_s,write_s
1000,1,0.005006356,0.001283892,0.003688076,2.8005e-05
1000,2,0.007139348,0.003122834,0.003927764,8.3911e-05
1000,3,0.005312452,0.001507724,0.003722979,7.6086e-05
1000,4,0.004987412,0.001216866,0.003709595,5.5185e-05
1000,5,0.00681091,0.00302245,0.003711447,7.1453e-05
1000,6,0.006205,0.002316361,0.003827687,5.5495e-05
1000,7,0.005574378,0.001673281,0.003823981,7.1865e-05
1000,8,0.004855317,0.001086418,0.003699196,6.4349e-05
1000,9,0.004601318,0.001041631,0.003508311,4.6331e-05
1000,10,0.004968262,0.001260006,0.003636802,6.2908e-05
1000,11,0.004897632,0.001160136,0.003659659,7.2483e-05
1000,12,0.004906281,0.001139442,0.003683134,7.8454e-05
1000,13,0.00494036,0.001164667,0.003700328,7.0012e-05
1000,14,0.004815677,0.001046573,0.003697136,6.6923e-05
1000,15,0.00493583,0.001078902,0.003767766,8.4323e-05
1000,16,0.005374536,0.001624993,0.003697239,4.7155e-05
1000,17,0.004807338,0.001080137,0.00366872,5.3436e-05
1000,18,0.004812794,0.001086418,0.003681898,3.9433e-05
1000,19,0.004774082,0.001001786,0.003724112,4.3036e-05
1000,20,0.00466927,0.001052853,0.003556701,5.4877e-05
1000,21,0.004972689,0.001306955,0.00351037,0.00015001
1000,22,0.004727957,0.00102526,0.003641642,5.6319e-05
1000,23,0.004641471,0.001089712,0.003498015,4.8596e-05
1000,24,0.004758844,0.001080446,0.003544449,0.000123962
1000,25,0.004745562,0.001075092,0.003607974,5.5803e-05
1000,26,0.004764301,0.001122659,0.003589544,4.7155e-05
1000,27,0.004701393,0.001107009,0.003526843,6.1569e-05
1000,28,0.005576026,0.001683783,0.00359284,0.000294255
1000,29,0.005175929,0.00154098,0.003576263,5.3745e-05
1000,30,0.006294882,0.002624618,0.003610651,5.4671e-05
1000,31,0.005025301,0.001057487,0.00389389,6.7232e-05
1000,32,0.005412322,0.001642806,0.00370805,5.6936e-05
1000,33,0.004909369,0.001069636,0.003715669,0.00011799
1000,34,0.005413042,0.001617375,0.003728127,6.2289e-05
1000,35,0.006041296,0.002269308,0.003716801,4.8906e-05
1000,36,0.0050218,0.00113872,0.003823878,5.395e-05
1000,37,0.004888983,0.00112235,0.003716801,4.3655e-05
1000,38,0.005073588,0.001184434,0.003769208,0.000114284
1000,39,0.004832665,0.001063149,0.00372092,4.3757e-05
1000,40,0.004828342,0.001085492,0.003688488,4.7979e-05
1000,41,0.004781084,0.001109378,0.003550318,0.000116138
1000,42,0.004636426,0.001115967,0.003481438,3.4388e-05
1000,43,0.004950965,0.001128528,0.003758396,5.9098e-05
1000,44,0.004552824,0.000966472,0.003543934,3.6447e-05
1000,45,0.005357857,0.001706846,0.003607871,3.5521e-05
1000,46,0.004884041,0.00112338,0.003699401,5.6319e-05
1000,47,0.004643531,0.00106006,0.003538374,3.8816e-05
1000,48,0.004916886,0.001158695,0.00371536,3.6756e-05
1000,49,0.005154823,0.001239826,0.003807817,0.000100385
1000,50,0.004782834,0.001208527,0.003533227,3.655e-05
1000,51,0.004611099,0.001021451,0.003550214,3.4594e-05
1000,52,0.005436826,0.001733409,0.003659762,3.8712e-05
1000,53,0.004943449,0.001171771,0.003710521,5.4671e-05
1000,54,0.004802704,0.00107015,0.003690135,3.758e-05
1000,55,0.00580027,0.001902673,0.003840763,5.1685e-05
1000,56,0.004797659,0.001079005,0.0036715,4.2213e-05
1000,57,0.005051865,0.001272773,0.003727406,4.489e-05
1000,58,0.005615665,0.001842545,0.003718552,4.942e-05
1000,59,0.004824429,0.001090742,0.003687561,4.036e-05
1000,60,0.004850374,0.001112054,0.003693841,3.933e-05
1000,61,0.004915959,0.001144075,0.003720096,4.6331e-05
1000,62,0.004863862,0.001147884,0.003674795,3.6138e-05
1000,63,0.004875908,0.001102789,0.003715669,5.2715e-05
1000,64,0.004849036,0.001095273,0.003702182,4.5404e-05
1000,65,0.004783349,0.001032571,0.00367778,6.8365e-05
1000,66,0.00479941,0.001045029,0.003708256,4.005e-05
1000,67,0.004892278,0.001149325,0.003683546,5.4156e-05
1000,68,0.004784069,0.001004051,0.003721126,5.2818e-05
1000,69,0.00464281,0.001068812,0.003531064,3.8095e-05
1000,70,0.004890837,0.001107319,0.003727097,5.0964e-05
1000,71,0.004852948,0.001129969,0.003676442,4.108e-05
1000,72,0.004613789,0.001069502,0.003507418,3.2337e-05
1000,73,0.004868966,0.001098836,0.003710605,5.417e-05
1000,74,0.004886164,0.001041577,0.003788873,5.0668e-05
1000,75,0.005312723,0.001593363,0.003673428,4.0885e-05
1000,76,0.005048776,0.0011908,0.003792992,5.9834e-05
1000,77,0.004846207,0.001118197,0.003677445,4.5828e-05
1000,78,0.005314576,0.001546918,0.003721934,4.0987e-05
1000,79,0.004899347,0.001168556,0.003684139,4.1709e-05
1000,80,0.004822678,0.001089052,0.003689837,3.8745e-05
1000,81,0.004805483,0.001078192,0.00367061,5.1352e-05
1000,82,0.004952776,0.001181819,0.003713865,5.0635e-05
1000,83,0.004752697,0.001028275,0.003685164,3.444e-05
1000,84,0.005305373,0.001561477,0.003694697,4.428e-05
1000,85,0.0049374,0.001148609,0.003739489,4.4383e-05
1000,86,0.004772991,0.001081882,0.003648264,3.7925e-05
1000,87,0.004825471,0.001084855,0.00369357,4.0897e-05
1000,88,0.005130817,0.00114,0.003892315,9.2967e-05
1000,89,0.004623854,0.001047648,0.0035267,4.4484e-05
1000,90,0.004697347,0.00101864,0.003637605,3.485e-05
1000,91,0.004895068,0.001095925,0.003734671,5.9347e-05
1000,92,0.004625802,0.000967186,0.003617002,3.6695e-05
1000,93,0.004626315,0.000982868,0.003588097,5.0738e-05
1000,94,0.004904498,0.001175772,0.003664357,5.8527e-05
1000,95,0.005064807,0.00108219,0.00390687,6.8982e-05
1000,96,0.005271958,0.001624617,0.00357959,6.2935e-05
1000,97,0.005412281,0.001654957,0.003692031,6.027e-05
1000,98,0.004829366,0.001067839,0.003706997,4.9405e-05
1000,99,0.005456151,0.001717379,0.003683422,5.0122e-05
1000,100,0.004619755,0.001053592,0.003511838,4.9508e-05
1000,101,0.004695809,0.001091312,0.003557962,4.1819e-05
1000,102,0.004744804,0.001086494,0.003592402,6.068e-05
1000,103,0.004797182,0.00105882,0.003693159,4.0283e-05
1000,104,0.004772274,0.001053694,0.003660667,5.3095e-05
1000,105,0.004905421,0.001125035,0.003718374,5.6683e-05
1000,106,0.004815221,0.00107891,0.003689981,4.141e-05
1000,107,0.004759051,0.001042932,0.003668662,4.1102e-05
1000,108,0.00536267,0.001690421,0.003622435,4.428e-05
1000,109,0.004771864,0.001057795,0.003656875,5.1045e-05
1000,110,0.004680229,0.000993322,0.003638629,4.3358e-05
1000,111,0.004987523,0.001137539,0.003788586,5.6375e-05
1000,112,0.004730659,0.001002855,0.003667842,5.5043e-05
1000,113,0.004612375,0.001049185,0.00352137,3.5875e-05
1000,114,0.004948266,0.001110377,0.003773621,5.8835e-05
1000,115,0.005362978,0.001616007,0.003693159,4.8687e-05
1000,116,0.005042463,0.001475686,0.003527315,3.4542e-05
1000,117,0.006062332,0.002442358,0.003567905,4.5612e-05
1000,118,0.004889226,0.00103996,0.003790226,5.3505e-05
1000,119,0.004598332,0.001039754,0.0035185,3.362e-05
1000,120,0.005204821,0.001564757,0.003580102,5.2992e-05
1000,121,0.005801368,0.002253452,0.003489903,5.2274e-05
1000,122,0.004819219,0.001098897,0.00366364,5.0839e-05
1000,123,0.004950828,0.001238092,0.003652467,5.4017e-05
1000,124,0.005355906,0.001639479,0.003658821,5.2172e-05
1000,125,0.004608172,0.001024585,0.00352875,5.0225e-05
1000,126,0.004809378,0.001082292,0.003661794,5.7809e-05
1000,127,0.004845458,0.000999575,0.003792789,4.8277e-05
1000,128,0.005206461,0.001670742,0.00348693,4.3869e-05
1000,129,0.004902243,0.001128929,0.003715607,5.2787e-05
1000,130,0.005290307,0.001584335,0.00365052,5.043e-05
1000,131,0.004794004,0.001081267,0.003667022,4.0795e-05
1000,132,0.004811018,0.001112324,0.003653287,4.0384e-05
1000,133,0.006522453,0.001176182,0.003668765,0.001672485
1000,134,0.004939963,0.0010867,0.003800066,4.7868e-05
1000,135,0.004846791,0.001125752,0.003672557,4.223e-05
1000,136,0.004825061,0.001083522,0.003697669,3.7617e-05
1000,137,0.004832748,0.00103176,0.003690802,0.000104857
1000,138,0.004972251,0.001213901,0.003703819,4.8073e-05
1000,139,0.004839719,0.001118372,0.003660257,5.5965e-05
1000,140,0.004594335,0.001029813,0.00350989,4.9917e-05
1000,141,0.004599255,0.00104447,0.003506098,4.346e-05
1000,142,0.0046667,0.001111607,0.00349759,5.2172e-05
1000,143,0.004589209,0.00092967,0.003605727,4.8892e-05
1000,144,0.004761204,0.001158859,0.003545868,5.1557e-05
1000,145,0.00463923,0.00096042,0.003620794,5.3197e-05
1000,146,0.005133379,0.001561067,0.003520652,4.674e-05
1000,147,0.005418123,0.001755919,0.003605113,5.2172e-05
1000,148,0.004590029,0.001038217,0.00350046,4.551e-05
1000,149,0.004725329,0.001167264,0.003502407,4.9507e-05
1000,150,0.004784574,0.001159372,0.003565342,5.4838e-05
1000,151,0.004832339,0.001095617,0.003676657,5.5042e-05
1000,152,0.004922538,0.001192992,0.003674095,4.9815e-05
1000,153,0.004800359,0.001147687,0.003601115,4.674e-05
1000,154,0.00495749,0.001199654,0.00369808,5.371e-05
1000,155,0.004815324,0.001151274,0.003614337,4.4383e-05
1000,156,0.004920079,0.001142562,0.003720014,5.2685e-05
1000,157,0.005483108,0.001749052,0.003682909,4.6125e-05
1000,158,0.004883076,0.001183459,0.003658104,3.5978e-05
1000,159,0.004877541,0.001093362,0.003725242,5.2274e-05
1000,160,0.004914338,0.001133337,0.003733031,4.2537e-05
1000,161,0.004836336,0.001128622,0.003654824,4.6842e-05
1000,162,0.005275238,0.001577569,0.003642422,5.0327e-05
1000,163,0.004810096,0.001098282,0.003667842,3.9052e-05
1000,164,0.005135532,0.00153616,0.003557347,3.7104e-05
1000,165,0.004753414,0.001221794,0.003479551,4.6125e-05
1000,166,0.005118619,0.001552662,0.00351194,4.9302e-05
1000,167,0.005071368,0.001499671,0.003518807,4.797e-05
1000,168,0.004948163,0.001407626,0.003485085,5.0019e-05
1000,169,0.004666597,0.001026943,0.003585842,4.9097e-05
1000,170,0.004983321,0.0010949,0.003824359,5.699e-05
1000,171,0.005216815,0.00163825,0.003521165,4.9815e-05
1000,172,0.004824754,0.00107481,0.00367758,6.6727e-05
1000,173,0.004968458,0.001117859,0.003765422,7.9847e-05
1000,174,0.004817578,0.001107507,0.003654722,5.0327e-05
1000,175,0.00460069,0.001018845,0.003525982,4.9918e-05
1000,176,0.004883486,0.0011564,0.003670609,5.125e-05
1000,177,0.004805996,0.001031042,0.003716529,5.3197e-05
1000,178,0.004890149,0.001191966,0.003650212,4.305e-05
1000,179,0.004946011,0.001023252,0.003869971,4.7458e-05
1000,180,0.005124769,0.001096232,0.003950843,7.257e-05
1000,181,0.005015813,0.001281346,0.003677887,5.0122e-05
1000,182,0.004985986,0.001211031,0.003713352,5.658e-05
1000,183,0.004883076,0.0010785,0.003751892,4.6637e-05
1000,184,0.004830391,0.001056257,0.003722679,4.5304e-05
1000,185,0.005501148,0.001693087,0.003755171,4.7867e-05
1000,186,0.004881846,0.001115297,0.003717656,4.387e-05
1000,187,0.004856528,0.001108224,0.003702077,4.1205e-05
1000,188,0.004947958,0.001153017,0.003746049,4.3664e-05
1000,189,0.004842383,0.001124419,0.003674915,3.813e-05
1000,190,0.004799846,0.001059742,0.003697361,3.7618e-05
1000,191,0.005043692,0.001154759,0.003842296,4.141e-05
1000,192,0.004724201,0.001042113,0.003643959,3.1979e-05
1000,193,0.004767149,0.001043855,0.003671737,4.674e-05
1000,194,0.004937503,0.001163062,0.003723295,4.5612e-05
1000,195,0.004749724,0.001056052,0.003652057,3.69e-05
1000,196,0.004766636,0.001058307,0.003669072,3.444e-05
1000,197,0.005489155,0.001690626,0.003746151,4.6842e-05
1000,198,0.004727584,0.000988198,0.003699821,3.3518e-05
1000,199,0.004825676,0.001124727,0.003657079,3.772e-05
1000,200,0.004739679,0.000973848,0.003718477,4.2435e-05
1000,201,0.004828649,0.001122472,0.003658207,4.2742e-05
1000,202,0.004829161,0.001065175,0.003722167,3.7003e-05
1000,203,0.004798719,0.001048467,0.003689366,5.5657e-05
1000,204,0.004533348,0.000997115,0.003493696,3.7822e-05
1000,205,0.004794311,0.001078602,0.003662922,4.797e-05
1000,206,0.004777808,0.00103053,0.003695415,4.5817e-05
1000,207,0.004742447,0.001041497,0.003657592,3.8539e-05
1000,208,0.004766227,0.001039243,0.003684139,3.7822e-05
1000,209,0.004885536,0.001097872,0.003730264,5.2378e-05
1000,210,0.004719179,0.001004392,0.003669072,4.1205e-05
1000,211,0.004813274,0.001053182,0.003711609,4.2435e-05
1000,212,0.004990085,0.001188072,0.003750866,4.6125e-05
1000,213,0.004841051,0.000986352,0.003809086,3.9565e-05
1000,214,0.004919156,0.001189506,0.003685472,3.895e-05
1000,215,0.004858271,0.000986558,0.003820566,4.6432e-05
1000,216,0.004779552,0.001047647,0.003689879,3.69e-05
1000,217,0.004785599,0.001033605,0.003711814,3.526e-05
1000,218,0.004719384,0.000966877,0.003714582,3.2082e-05
1000,219,0.004876516,0.001180897,0.003652364,3.8027e-05
1000,220,0.004781499,0.001043035,0.003681679,5.1968e-05
1000,221,0.004616987,0.001028275,0.0035431,4.0487e-05
1000,222,0.004754542,0.001028685,0.003667227,5.3709e-05
1000,223,0.004732811,0.00100101,0.003554169,0.000172815
1000,224,0.00517971,0.001584642,0.003552222,3.7822e-05
1000,225,0.005219787,0.001612932,0.003563498,3.854e-05
1000,226,0.004612273,0.001046827,0.00350989,4.961e-05
1000,227,0.00459167,0.001033913,0.003508557,4.4588e-05
1000,228,0.004669774,0.001078089,0.003534695,5.2377e-05
1000,229,0.005378148,0.001716866,0.003605625,5.0327e-05
1000,230,0.004615142,0.000989017,0.003577027,4.4382e-05
1000,231,0.004618833,0.001019153,0.003545765,4.9097e-05
1000,232,0.004599869,0.00105267,0.00349349,4.8687e-05
1000,233,0.005113393,0.001485218,0.003569749,5.371e-05
1000,234,0.005162797,0.00157921,0.003529467,4.9508e-05
1000,235,0.004545955,0.000981125,0.003509685,4.9302e-05
1000,236,0.00464251,0.001027455,0.00355868,5.0225e-05
1000,237,0.004572708,0.001008083,0.003514503,4.551e-05
1000,238,0.00455354,0.000974668,0.00352793,4.6535e-05
1000,239,0.004682689,0.001060767,0.003567495,4.8789e-05
1000,240,0.005469988,0.001646654,0.003769214,4.92e-05
1000,241,0.005076185,0.001462668,0.003563292,4.551e-05
1000,242,0.004880718,0.001141537,0.003683729,5.043e-05
1000,243,0.004953493,0.0010908,0.003796273,6.0065e-05
1000,244,0.004713542,0.001087007,0.003578462,4.346e-05
1000,245,0.004909214,0.001069787,0.003787869,4.6125e-05
1000,246,0.004835823,0.001067634,0.003708636,5.33e-05
1000,247,0.004892609,0.001156399,0.003693364,3.7822e-05
1000,248,0.004790314,0.00103012,0.003714992,4.018e-05
1000,249,0.004842384,0.001131902,0.003656464,4.9199e-05
1000,250,0.004880308,0.001072144,0.003761321,4.1615e-05
1000,251,0.00507639,0.001278066,0.003750867,4.1e-05
1000,252,0.004822191,0.001050005,0.003726369,4.1205e-05
1000,253,0.00504195,0.001306356,0.003693467,3.567e-05
1000,254,0.005061127,0.001168567,0.003717193,0.000170365
1000,255,0.004829105,0.00108425,0.003699329,4.0422e-05
1000,256,0.004804402,0.001129775,0.003631653,3.8074e-05
1000,257,0.00479348,0.00105475,0.00369739,3.593e-05
1000,258,0.004828798,0.001101806,0.003688102,3.4093e-05
1000,259,0.004818183,0.001084352,0.003694838,3.3685e-05
1000,260,0.00479644,0.001079962,0.003676668,3.5318e-05
1000,261,0.004747648,0.001069754,0.003638798,3.3991e-05
1000,262,0.004904335,0.001161929,0.003702391,3.491e-05
1000,263,0.005478409,0.001634744,0.003800588,3.8176e-05
1000,264,0.004937509,0.001118547,0.00377507,3.8381e-05
1000,265,0.005352345,0.001662101,0.003638696,4.6751e-05
1000,266,0.004995182,0.001066998,0.003871123,5.1548e-05
1000,267,0.004896985,0.001204495,0.003650639,3.6645e-05
1000,268,0.005387561,0.001421099,0.003921956,3.9707e-05
1000,269,0.005319273,0.001610348,0.003665441,3.8482e-05
1000,270,0.004834107,0.00109956,0.003676566,5.2876e-05
1000,271,0.00452104,0.000979621,0.003490687,4.5526e-05
1000,272,0.00471825,0.001122732,0.003544072,4.6649e-05
1000,273,0.005463914,0.001725387,0.003680955,5.2569e-05
1000,274,0.004538801,0.001046277,0.003448428,3.9197e-05
1000,275,0.004815222,0.00114672,0.003617158,4.5526e-05
1000,276,0.005077965,0.001481835,0.003556729,3.4603e-05
1000,277,0.004670172,0.001061282,0.003566121,3.6441e-05
1000,278,0.004989466,0.001095478,0.003826312,6.2573e-05
1000,279,0.005076842,0.001550225,0.003480683,4.1238e-05
1000,280,0.00494496,0.001152232,0.00373179,5.5019e-05
1000,281,0.004796645,0.001137227,0.003611136,4.3383e-05
1000,282,0.004969765,0.001167339,0.003756798,3.8891e-05
1000,283,0.005394707,0.001705483,0.003646148,3.8074e-05
1000,284,0.004889023,0.001161419,0.00366595,5.6448e-05
1000,285,0.004579938,0.001055056,0.003455266,6.3491e-05
1000,286,0.004917809,0.001149782,0.003716479,4.5117e-05
1000,287,0.004963742,0.00132576,0.003571632,5.9612e-05
1000,288,0.004579734,0.001061181,0.003464963,4.8792e-05
1000,289,0.004630771,0.001015756,0.003564182,4.6342e-05
1000,290,0.004926383,0.00131688,0.003551932,5.0834e-05
1000,291,0.004762653,0.00113692,0.003551116,6.9412e-05
1000,292,0.004637611,0.001049135,0.003514981,6.8493e-05
1000,293,0.004912092,0.001171728,0.003675138,6.0123e-05
1000,294,0.004696406,0.001113545,0.003529169,4.869e-05
1000,295,0.004826961,0.001076798,0.00369392,5.1344e-05
1000,296,0.004809711,0.001102418,0.003641146,6.0531e-05
1000,297,0.004557685,0.000992483,0.003519982,4.083e-05
1000,298,0.004552173,0.001037294,0.003469557,4.0626e-05
1000,299,0.005059388,0.001240017,0.00375047,6.3287e-05
1000,300,0.004666498,0.00105628,0.003563874,4.1647e-05
1000,301,0.004628424,0.001103235,0.003485787,3.4501e-05
1000,302,0.004858401,0.001098745,0.003697594,5.5632e-05
1000,303,0.00469661,0.00102331,0.003628285,3.981e-05
1000,304,0.00470151,0.001050769,0.003603378,4.1136e-05
1000,305,0.005503621,0.001633315,0.003803141,6.196e-05
1000,306,0.004579121,0.000973599,0.003547747,5.2977e-05
1000,307,0.005288037,0.001542161,0.003688612,5.2569e-05
1000,308,0.00481563,0.001097519,0.003655743,5.7469e-05
1000,309,0.004764184,0.001024739,0.003688101,4.6342e-05
1000,310,0.005036319,0.001195818,0.003788748,4.6649e-05
1000,311,0.004861871,0.001144066,0.003657988,5.5121e-05
1000,312,0.004827268,0.001142841,0.003645535,3.3788e-05
1000,313,0.004870139,0.001122528,0.003703923,3.8789e-05
1000,314,0.005111344,0.001318105,0.003748326,3.9299e-05
1000,315,0.004893209,0.00109068,0.0037618,3.5726e-05
1000,316,0.004721619,0.001023514,0.003660133,3.3072e-05
1000,317,0.005597735,0.001720998,0.003798751,7.2576e-05
1000,318,0.004697018,0.001108543,0.003530496,5.2671e-05
1000,319,0.004648736,0.001152538,0.003449652,4.1647e-05
1000,320,0.004806036,0.001111504,0.003635124,5.4509e-05
1000,321,0.004578815,0.001010142,0.003523351,4.0218e-05
1000,322,0.004802667,0.001035457,0.003712191,5.0119e-05
1000,323,0.00489474,0.001013613,0.003816206,5.7979e-05
1000,324,0.004845437,0.001157845,0.003636859,4.4199e-05
1000,325,0.007319142,0.003599805,0.003650334,6.2981e-05
1000,326,0.006138839,0.002334678,0.003758125,4.1034e-05
1000,327,0.004789499,0.001129469,0.003617771,3.7156e-05
1000,328,0.004714677,0.001010244,0.003649211,5.0221e-05
1000,329,0.004594636,0.001078022,0.003463636,4.8078e-05
1000,330,0.004568403,0.000990646,0.00352478,4.7159e-05
1000,331,0.005347242,0.001624128,0.003656152,5.8183e-05
1000,332,0.004910255,0.001201739,0.00365462,4.8997e-05
1000,333,0.005239654,0.001648218,0.003544684,4.1852e-05
1000,334,0.004608212,0.001009428,0.003543766,5.0323e-05
1000,335,0.004627914,0.001052605,0.003509876,6.0224e-05
1000,336,0.008281921,0.001210313,0.007014956,5.165e-05
1000,337,0.00476786,0.001111197,0.003598376,5.216e-05
1000,338,0.004674664,0.00109017,0.003533967,4.5424e-05
1000,339,0.005326315,0.001771321,0.003502732,4.7465e-05
1000,340,0.004868914,0.001129061,0.003677077,5.757e-05
1000,341,0.004569016,0.000980438,0.003535804,4.7669e-05
1000,342,0.004739278,0.001010754,0.003684018,3.9605e-05
1000,343,0.004857379,0.001122834,0.003680037,4.9711e-05
1000,344,0.004660781,0.001140595,0.003476804,3.8584e-05
1000,345,0.004731316,0.00098054,0.003698105,4.6853e-05
1000,346,0.005045913,0.001223276,0.003762719,5.3488e-05
1000,347,0.004701203,0.00106904,0.003587557,3.9605e-05
1000,348,0.004678237,0.000962064,0.003660133,4.9711e-05
1000,349,0.004949657,0.001256553,0.003632981,5.461e-05
1000,350,0.004631895,0.001072,0.003512429,4.2463e-05
1000,351,0.005281811,0.001525625,0.003681875,4.818e-05
1000,352,0.004869016,0.001106808,0.00369739,5.9816e-05
1000,353,0.004847988,0.00113447,0.00364972,5.7469e-05
1000,354,0.004708655,0.001057607,0.003587353,5.8795e-05
1000,355,0.00499314,0.001253389,0.003675443,5.8387e-05
1000,356,0.004994978,0.001151619,0.003739446,9.8605e-05
1000,357,0.005073678,0.001258288,0.003735873,7.4107e-05
1000,358,0.004950983,0.001185101,0.003692592,6.8084e-05
1000,359,0.004980177,0.00120725,0.003693511,7.3699e-05
1000,360,0.004988343,0.001148659,0.003768333,6.6043e-05
1000,361,0.00488443,0.001129571,0.003686774,6.3287e-05
1000,362,0.005021211,0.001259513,0.003699125,5.6856e-05
1000,363,0.005490555,0.001738453,0.003664216,8.2987e-05
1000,364,0.005500355,0.001751724,0.003676975,6.6349e-05
1000,365,0.005328153,0.001635765,0.00363982,4.7567e-05
1000,366,0.004884225,0.001173259,0.003652579,5.359e-05
1000,367,0.004901374,0.001182855,0.003670442,4.2974e-05
1000,368,0.00483431,0.001116199,0.003671054,4.1953e-05
1000,369,0.004672622,0.001140697,0.003471394,5.4611e-05
1000,370,0.005145743,0.001576254,0.003513041,5.1548e-05
1000,371,0.004638529,0.001023004,0.003542031,6.8901e-05
1000,372,0.004874018,0.001122018,0.00368953,5.7468e-05
1000,373,0.004769186,0.00104005,0.0036733,5.0731e-05
1000,374,0.004707227,0.001084147,0.003563671,5.4508e-05
1000,375,0.004844927,0.001150088,0.003631959,5.8081e-05
1000,376,0.004624749,0.001029537,0.003537029,5.2059e-05
1000,377,0.00470988,0.00102627,0.003623283,5.5325e-05
1000,378,0.004767859,0.001092109,0.003615729,5.5018e-05
1000,379,0.004662619,0.0010818,0.003527331,4.8894e-05
1000,380,0.005491373,0.001764585,0.003670238,5.1549e-05
1000,381,0.004846764,0.001148353,0.003636144,5.6857e-05
1000,382,0.005369801,0.001635764,0.00367626,5.2774e-05
1000,383,0.004826246,0.001089149,0.003686672,4.5424e-05
1000,384,0.005266193,0.001569109,0.003653191,3.8993e-05
1000,385,0.005444826,0.001725999,0.003662684,5.114e-05
1000,386,0.004805015,0.00105822,0.003697798,4.3893e-05
1000,387,0.004812364,0.001124161,0.00363982,4.3382e-05
1000,388,0.004931078,0.001170912,0.00371015,4.4607e-05
1000,389,0.005450134,0.001741516,0.003661766,3.8891e-05
1000,390,0.004732847,0.001049135,0.003640023,3.838e-05
1000,391,0.00532601,0.001638215,0.00364523,3.7666e-05
1000,392,0.004926587,0.001041786,0.003824373,5.4202e-05
1000,393,0.004862381,0.00115856,0.003644617,5.3794e-05
1000,394,0.004757141,0.001046073,0.003670237,3.5726e-05
1000,395,0.005278443,0.001544407,0.003690143,3.8482e-05
1000,396,0.004725702,0.001045155,0.003634001,4.1341e-05
1000,397,0.004777046,0.001019533,0.003713519,3.8687e-05
1000,398,0.004784396,0.001054852,0.003652374,3.8788e-05
1000,399,0.005273644,0.00154012,0.003695042,3.3787e-05
1000,400,0.00477235,0.001077818,0.003654825,3.3481e-05
1000,401,0.005319681,0.00160698,0.003654212,5.0426e-05
1000,402,0.004718352,0.001017594,0.003656049,3.9912e-05
1000,403,0.005086335,0.001570232,0.003469455,4.1851e-05
1000,404,0.004968234,0.001313919,0.003607257,4.1953e-05
1000,405,0.005080619,0.001550736,0.003474456,5.0629e-05
2000,1,0.022487504,0.005633546,0.016788765,5.4514e-05
2000,2,0.019224297,0.004706606,0.014427579,8.1364e-05
2000,3,0.029576756,0.003711423,0.014272987,0.011582685
2000,4,0.017721705,0.003259648,0.014375099,7.6991e-05
2000,5,0.017462459,0.003333791,0.014029302,9.0213e-05
2000,6,0.017246641,0.003275209,0.013889254,7.2618e-05
2000,7,0.017115543,0.003281617,0.013746765,7.8414e-05
2000,8,0.016615968,0.002759972,0.013776057,6.9464e-05
2000,9,0.017534161,0.003752206,0.013710152,6.265e-05
2000,10,0.018150087,0.003743358,0.014324044,7.394e-05
2000,11,0.018579384,0.003705727,0.014785988,7.8517e-05
2000,12,0.018093336,0.003462956,0.014546066,7.4652e-05
2000,13,0.016991768,0.003061628,0.013855386,6.5498e-05
2000,14,0.017182058,0.003304907,0.013790906,7.75e-05
2000,15,0.016823141,0.002761293,0.01397489,7.6686e-05
2000,16,0.017051672,0.003154892,0.013824265,6.0718e-05
2000,17,0.017399606,0.00323473,0.014094495,6.2142e-05
2000,18,0.017007227,0.003107803,0.013834435,5.604e-05
2000,19,0.017907826,0.003283549,0.014525521,8.9399e-05
2000,20,0.017200568,0.003358912,0.013769547,6.2752e-05
2000,21,0.01769516,0.0038055,0.013823654,5.6752e-05
2000,22,0.017135579,0.00340051,0.013672622,5.4006e-05
2000,23,0.016894945,0.003097632,0.013735883,4.9428e-05
2000,24,0.017704415,0.003290872,0.014347842,5.6141e-05
2000,25,0.017013126,0.00306295,0.013891085,5.0445e-05
2000,26,0.017240336,0.003148281,0.014002655,7.8821e-05
2000,27,0.017237182,0.003039558,0.014129786,5.9294e-05
2000,28,0.017847107,0.003399594,0.014382117,5.5836e-05
2000,29,0.017501514,0.003371524,0.014031438,8.9806e-05
2000,30,0.017064894,0.002746444,0.014235153,7.4957e-05
2000,31,0.016901963,0.003132008,0.013691132,7.0176e-05
2000,32,0.016942339,0.002789363,0.014055948,8.7059e-05
2000,33,0.017150021,0.003171978,0.013890068,7.933e-05
2000,34,0.016978242,0.003198625,0.013699778,7.0889e-05
2000,35,0.017298918,0.003575646,0.013644958,6.9464e-05
2000,36,0.017252743,0.003457262,0.013708118,7.8008e-05
2000,37,0.017003972,0.003265141,0.013655942,7.3024e-05
2000,38,0.016697535,0.002687455,0.013925766,7.394e-05
2000,39,0.017355364,0.003111464,0.014030319,0.000203613
2000,40,0.016828735,0.002922394,0.013820908,7.6279e-05
2000,41,0.017312444,0.002961957,0.014265665,7.5974e-05
2000,42,0.016893724,0.002666504,0.014146161,7.2312e-05
2000,43,0.017225079,0.003344063,0.013783481,8.7467e-05
2000,44,0.017071709,0.003166283,0.013822129,7.3635e-05
2000,45,0.017080557,0.00313506,0.013822129,0.00011391
2000,46,0.017330242,0.003231069,0.013995231,9.367e-05
2000,47,0.017100593,0.003145433,0.013857319,8.8382e-05
2000,48,0.017233725,0.003302161,0.013848064,7.4753e-05
2000,49,0.017920539,0.003796753,0.014045067,6.9363e-05
2000,50,0.017507209,0.002924123,0.014390864,0.000182968
2000,51,0.01698353,0.003025015,0.013892203,5.6242e-05
2000,52,0.018515209,0.003747222,0.014697504,6.1328e-05
2000,53,0.017674616,0.003479738,0.014129685,5.6039e-05
2000,54,0.017477247,0.003571867,0.013839683,5.5455e-05
2000,55,0.017569987,0.003826919,0.013668756,6.0423e-05
2000,56,0.017587323,0.003646664,0.013874153,5.7584e-05
2000,57,0.01638515,0.002683243,0.013641991,5.0994e-05
2000,58,0.017128271,0.003148176,0.013923829,4.7547e-05
2000,59,0.019085122,0.003540619,0.015435112,0.000100265
2000,60,0.017497297,0.003170175,0.014248146,6.7925e-05
2000,61,0.01758935,0.003133677,0.014363213,8.3132e-05
2000,62,0.016480246,0.002796688,0.013614518,5.657e-05
2000,63,0.017420248,0.00331008,0.014045385,5.3732e-05
2000,64,0.017772647,0.00349287,0.014192792,7.6238e-05
2000,65,0.017571203,0.003350632,0.014139872,7.1574e-05
2000,66,0.017158077,0.00285924,0.014215806,7.2994e-05
2000,67,0.017133645,0.003003099,0.014034233,8.6174e-05
2000,68,0.01726037,0.003120903,0.01403109,9.9252e-05
2000,69,0.017357798,0.003725031,0.01352003,0.000103611
2000,70,0.016710786,0.002996814,0.013637125,6.7216e-05
2000,71,0.017896534,0.003356107,0.014429516,0.000100265
2000,72,0.017543729,0.003302071,0.014154877,7.7861e-05
2000,73,0.017833881,0.00365224,0.014103071,6.9345e-05
2000,74,0.016899353,0.003032905,0.013786256,7.1372e-05
2000,75,0.017155137,0.003178691,0.013882162,8.4957e-05
2000,76,0.017117119,0.003229381,0.013796901,7.7657e-05
2000,77,0.017881733,0.004132684,0.013665613,7.3906e-05
2000,78,0.01726402,0.003343333,0.013841103,6.9953e-05
2000,79,0.01696738,0.003277233,0.013608536,7.3399e-05
2000,80,0.017237053,0.003347084,0.013807546,7.2893e-05
2000,81,0.017530246,0.003519735,0.013927378,7.4413e-05
2000,82,0.017209072,0.003472898,0.013654664,7.2994e-05
2000,83,0.017448128,0.003417747,0.013933056,8.8607e-05
2000,84,0.017476108,0.003212754,0.014176268,7.8063e-05
2000,85,0.016596023,0.002764551,0.013748644,7.4413e-05
2000,86,0.017116207,0.003055209,0.013979792,7.1575e-05
2000,87,0.017038144,0.003146553,0.013811297,7.0358e-05
2000,88,0.017135064,0.002745288,0.014294782,8.6174e-05
2000,89,0.019065555,0.003755445,0.015214508,8.6275e-05
2000,90,0.017838646,0.003275408,0.014462567,9.1648e-05
2000,91,0.017150778,0.002835517,0.014204654,8.3437e-05
2000,92,0.017207855,0.003062407,0.014060086,7.5022e-05
2000,93,0.017018476,0.00310813,0.013840292,6.0221e-05
2000,94,0.017848378,0.0038549,0.01390325,7.9686e-05
2000,95,0.017799918,0.003419977,0.014298837,7.1676e-05
2000,96,0.017650382,0.003435792,0.014129531,7.6137e-05
2000,97,0.016779623,0.002829839,0.013862697,7.7354e-05
2000,98,0.017533794,0.003378715,0.014065256,7.9179e-05
2000,99,0.017118336,0.003042233,0.013998953,6.8331e-05
2000,100,0.017057203,0.003272367,0.013703022,7.2994e-05
2000,101,0.017037332,0.003241851,0.013712147,7.046e-05
2000,102,0.017406359,0.003538796,0.013788791,6.9648e-05
2000,103,0.017341678,0.00342829,0.013833601,7.0662e-05
2000,104,0.01668473,0.002857517,0.013746211,7.1473e-05
2000,105,0.017472155,0.003756966,0.013636213,6.8432e-05
2000,106,0.01767816,0.003460935,0.01413754,7.0865e-05
2000,107,0.016809935,0.002736469,0.013985165,7.8063e-05
2000,108,0.016770787,0.002847784,0.013844328,7.0364e-05
2000,109,0.016518826,0.002724662,0.013716016,6.814e-05
2000,110,0.017043013,0.003289389,0.013675678,6.9151e-05
2000,111,0.017400391,0.003249253,0.014057521,8.3608e-05
2000,112,0.016828688,0.003188393,0.01355881,7.3194e-05
2000,113,0.016891974,0.003011979,0.013795276,7.4509e-05
2000,114,0.016847693,0.003099226,0.013670017,6.9959e-05
2000,115,0.017210834,0.003258656,0.01386948,7.4003e-05
3000,1,0.039136118,0.0077237,0.031289787,0.000109286
3000,2,0.041367125,0.010505482,0.030732642,0.000115654
3000,3,0.037299895,0.006563715,0.030621335,0.000101097
3000,4,0.036782987,0.006352119,0.030329873,8.9066e-05
3000,5,0.03847353,0.006586058,0.03176201,0.000113026
3000,6,0.038583927,0.00657716,0.031832172,0.000161047
3000,7,0.036938878,0.006323307,0.030510431,9.22e-05
3000,8,0.037386839,0.006723751,0.030556633,9.3009e-05
3000,9,0.038067827,0.006222008,0.031715001,0.000117171
3000,10,0.04201384,0.007443258,0.034440876,0.000115857
3000,11,0.038156692,0.006640043,0.031345997,0.000155993
3000,12,0.037895356,0.006942828,0.030839603,9.9176e-05
3000,13,0.038434607,0.007243996,0.03104028,0.000105242
3000,14,0.038471608,0.007432339,0.030939285,8.7651e-05
3000,15,0.039983007,0.006684021,0.033173829,0.000108882
3000,16,0.039214117,0.007002391,0.032036047,0.000162366
3000,17,0.037774227,0.00715016,0.030482878,0.000128884
3000,18,0.038061847,0.006689484,0.031229157,0.000129086
3000,19,0.037712003,0.006829361,0.030764145,0.00010458
3000,20,0.036810821,0.006453196,0.030264643,7.9771e-05
3000,21,0.038570325,0.006745253,0.031717971,9.3587e-05
3000,22,0.037045193,0.006543355,0.030395644,9.2982e-05
3000,23,0.03783282,0.007073112,0.030611965,0.000133624
3000,24,0.039188426,0.006851749,0.032214649,0.000109017
3000,25,0.037417122,0.006841665,0.03045817,0.000105084
3000,26,0.037456251,0.006846103,0.03049024,0.000107606
3000,27,0.037493263,0.006844186,0.030536832,9.9437e-05
3000,28,0.038446584,0.008166209,0.030175694,9.1268e-05
3000,29,0.037117602,0.006231733,0.030782702,9.1268e-05
3000,30,0.036685467,0.006352953,0.030202923,0.000116985
3000,31,0.038079394,0.00662,0.031345637,0.000100546
3000,32,0.03749881,0.005997765,0.03139707,9.2175e-05
3000,33,0.038148375,0.006566247,0.03145284,0.000115673
3000,34,0.0389358,0.006965708,0.031857041,9.8932e-05
3000,35,0.037037932,0.006610116,0.03032737,8.8747e-05
3000,36,0.03753693,0.006845295,0.030588669,9.0562e-05
3000,37,0.03805035,0.007097315,0.030797223,0.000142599
3000,38,0.037202013,0.006780148,0.030317286,8.7839e-05
3000,39,0.03677149,0.006334296,0.030338363,8.6629e-05
3000,40,0.037714525,0.006866776,0.030742261,9.1671e-05
3000,41,0.037332213,0.006431615,0.030797426,9.0467e-05
3000,42,0.037639194,0.006420574,0.031113159,9.0065e-05
3000,43,0.037097496,0.006410913,0.030582732,9.1474e-05
3000,44,0.037397881,0.006928661,0.030372815,8.3524e-05
3000,45,0.037145598,0.006668831,0.030379859,8.3826e-05
3000,46,0.037028664,0.006617912,0.03031948,7.9197e-05
3000,47,0.037222883,0.006424498,0.030697854,7.648e-05
3000,48,0.037240896,0.006582187,0.030573776,7.1247e-05
3000,49,0.038132287,0.006462638,0.031568013,8.9462e-05
3000,50,0.038668249,0.00736711,0.031186519,0.000100833
3000,51,0.03771346,0.006355163,0.031242873,0.000102946
3000,52,0.037307313,0.006350031,0.030857053,8.7549e-05
3000,53,0.036817641,0.006262683,0.03045332,8.9058e-05
4000,1,0.06718532,0.012040827,0.054994038,9.9839e-05
4000,2,0.071748571,0.016942099,0.054655712,0.000134792
4000,3,0.068042597,0.012477593,0.055433627,0.000113398
4000,4,0.070670136,0.011879165,0.056510356,0.002234211
4000,5,0.070553926,0.014128644,0.056175686,0.000228805
4000,6,0.068962939,0.012068497,0.056710736,0.00013439
4000,7,0.069465144,0.011960422,0.057358983,0.000127158
4000,8,0.075752353,0.011776113,0.063795648,0.000161811
4000,9,0.068101557,0.012497179,0.055449899,0.0001367
4000,10,0.066513784,0.011497088,0.054858803,0.000137704
4000,11,0.07187804,0.012774598,0.058932994,0.000153574
4000,12,0.070230404,0.012804228,0.057260651,0.000145439
4000,13,0.067604172,0.012238643,0.055226417,0.000122438
4000,14,0.068455912,0.012575825,0.055729627,0.000131879
4000,15,0.066905516,0.011542092,0.055216234,0.000128213
4000,16,0.068466369,0.011286791,0.056924253,0.000237881
4000,17,0.068272093,0.012500859,0.055612045,0.000130519
4000,18,0.067697789,0.012219771,0.055301687,0.000155179
4000,19,0.067991508,0.011767767,0.056081794,0.000126008
4000,20,0.069890249,0.012098776,0.057609428,0.000163299
4000,21,0.067951109,0.011344532,0.05641992,0.000156683
4000,22,0.07031218,0.011636546,0.058385725,0.000271865
4000,23,0.069308327,0.012011863,0.057153113,0.000126008
4000,24,0.0662296,0.012168647,0.053919007,0.000123402
4000,25,0.069407469,0.011034574,0.0582117,0.000135731
4000,26,0.065506031,0.011168201,0.05418195,0.000138238
4000,27,0.065040294,0.010631388,0.05423949,0.000148764
4000,28,0.064734144,0.010629184,0.053893745,0.00019237
4000,29,0.064957691,0.010438918,0.054383342,0.000113077
4000,30,0.065114511,0.01063267,0.054346906,0.000117117
5000,1,0.10359985,0.018742425,0.084712682,0.000106806
5000,2,0.109408164,0.025462003,0.0836879,0.000230535
5000,3,0.100584318,0.016164287,0.084181098,0.00021294
5000,4,0.103912689,0.018269599,0.085481734,0.000134363
5000,5,0.102377717,0.016253762,0.085953702,0.00014276
5000,6,0.101272426,0.016717833,0.084339154,0.000188147
5000,7,0.101920645,0.017577493,0.084147007,0.000168253
5000,8,0.10347831,0.016946169,0.08635749,0.000147759
5000,9,0.105181334,0.016469202,0.088475099,0.000206942
5000,10,0.103509102,0.018648594,0.084682758,0.000146559
5000,11,0.100868239,0.016994255,0.083605159,0.000241832
5000,12,0.101988707,0.017292672,0.08452634,0.000140603
5000,13,0.101086618,0.016894421,0.084014445,0.000152088
5000,14,0.101217036,0.017106426,0.083869847,0.000212503
5000,15,0.103322198,0.01733221,0.085826016,0.000137807
5000,16,0.104189388,0.017187113,0.086802553,0.000171461
5000,17,0.100923746,0.016818028,0.083912387,0.000163871
5000,18,0.10425909,0.017594444,0.086489291,0.000147395
5000,19,0.104712458,0.01943897,0.084994377,0.000220992
5000,20,0.102707356,0.017907108,0.084649359,0.000126224
6000,1,0.155973211,0.026867479,0.128890028,0.000105957
6000,2,0.158442791,0.036248916,0.122009372,0.000153603
6000,3,0.143390153,0.023242064,0.119881152,0.000236635
6000,4,0.145228211,0.024385467,0.120572816,0.000238928
6000,5,0.144139431,0.022141222,0.121643953,0.000321461
6000,6,0.14771567,0.024975858,0.122574446,0.00013297
6000,7,0.145916852,0.022676193,0.123010453,0.000198708
6000,8,0.143767606,0.023194473,0.120312969,0.000230481
6000,9,0.143954462,0.022593468,0.121114476,0.000217733
6000,10,0.146457886,0.024810434,0.121102922,0.000513554
6000,11,0.144610049,0.023191386,0.121255514,0.000132273
6000,12,0.146403304,0.023585316,0.122623861,0.00015289
6000,13,0.148238192,0.023007817,0.124906067,0.000290741
6000,14,0.148725862,0.022898552,0.125524099,0.000272833
7000,1,0.222088039,0.040042807,0.181770371,0.000200205
7000,2,0.212053107,0.046813912,0.165062747,0.000139269
7000,3,0.195687198,0.030874629,0.164488267,0.000256838
7000,4,0.198542455,0.031561621,0.166781226,0.000166125
7000,5,0.197690071,0.030738052,0.166629309,0.000274324
7000,6,0.196971026,0.032031678,0.164737851,0.000163839
7000,7,0.205138562,0.030914708,0.174047992,0.000141385
7000,8,0.238308826,0.052367889,0.185493829,0.000410759
7000,9,0.246840657,0.067006088,0.179609327,0.000179757
7000,10,0.251358908,0.063037336,0.187999997,0.00028195
8000,1,0.274559423,0.047072749,0.227203796,0.000200805
8000,2,0.276482174,0.059375815,0.216894939,0.000170248
8000,3,0.264033744,0.042200032,0.221510976,0.000283845
8000,4,0.258538092,0.04280592,0.215368561,0.000306764
8000,5,0.25665826,0.042383971,0.213996459,0.00023656
8000,6,0.256468858,0.042041231,0.21410061,0.000287243
8000,7,0.259854584,0.040063058,0.219578573,0.000175858
8000,8,0.259888903,0.041362003,0.21827338,0.000216226
9000,1,0.344054613,0.064653767,0.279132537,0.000225755
9000,2,0.352164833,0.07347083,0.278469067,0.000175935
9000,3,0.335799023,0.062319114,0.27305088,0.000392235
9000,4,0.325468604,0.052702156,0.272457022,0.000272928
9000,5,0.321934277,0.05045615,0.271266909,0.000174127
9000,6,0.32474735,0.052421676,0.272074102,0.000170855
10000,1,0.584267981,0.211147043,0.372880497,0.000189141
10000,2,0.468844815,0.115182626,0.353194384,0.000418974
10000,3,0.424228499,0.066339855,0.357266129,0.000568538
10000,4,0.422213817,0.071153969,0.35027989,0.000728282
10000,5,0.412791447,0.063634095,0.348461297,0.000635367
