neutron_id,step,x_start,y_start,x_end,y_end,event
100,1,0.0000000000,0.0000000000,0.0717615989,0.0000000000,scatter
100,2,0.0717615989,0.0000000000,0.4177089292,0.6952486771,scatter
100,3,0.4177089292,0.6952486771,0.0000000000,-0.8414128371,exit_left
200,1,0.0000000000,0.0000000000,0.5000000000,0.0000000000,exit_right
300,1,0.0000000000,0.0000000000,0.5000000000,0.0000000000,exit_right
400,1,0.0000000000,0.0000000000,0.5000000000,0.0000000000,exit_right
500,1,0.0000000000,0.0000000000,0.1864042441,0.0000000000,scatter
500,2,0.1864042441,0.0000000000,0.0000000000,-0.2303585799,exit_left
600,1,0.0000000000,0.0000000000,0.5000000000,0.0000000000,exit_right
700,1,0.0000000000,0.0000000000,0.5000000000,0.0000000000,exit_right
800,1,0.0000000000,0.0000000000,0.5000000000,0.0000000000,exit_right
900,1,0.0000000000,0.0000000000,0.1368408956,0.0000000000,scatter
900,2,0.1368408956,0.0000000000,0.0000000000,-0.0891469995,exit_left
1000,1,0.0000000000,0.0000000000,0.5000000000,0.0000000000,exit_right
1100,1,0.0000000000,0.0000000000,0.5000000000,0.0000000000,exit_right
1200,1,0.0000000000,0.0000000000,0.2790797669,0.0000000000,scatter
1200,2,0.2790797669,0.0000000000,0.5000000000,-0.3006565826,exit_right
1300,1,0.0000000000,0.0000000000,0.5000000000,0.0000000000,exit_right
1400,1,0.0000000000,0.0000000000,0.5000000000,0.0000000000,exit_right
1500,1,0.0000000000,0.0000000000,0.2596613815,0.0000000000,scatter
1500,2,0.2596613815,0.0000000000,0.5000000000,-0.1334029043,exit_right
1600,1,0.0000000000,0.0000000000,0.5000000000,0.0000000000,exit_right
1700,1,0.0000000000,0.0000000000,0.5000000000,0.0000000000,exit_right
1800,1,0.0000000000,0.0000000000,0.5000000000,0.0000000000,exit_right
1900,1,0.0000000000,0.0000000000,0.5000000000,0.0000000000,exit_right
2000,1,0.0000000000,0.0000000000,0.5000000000,0.0000000000,exit_right
2100,1,0.0000000000,0.0000000000,0.5000000000,0.0000000000,exit_right
2200,1,0.0000000000,0.0000000000,0.2956372048,0.0000000000,scatter
2200,2,0.2956372048,0.0000000000,0.0000000000,0.0282859225,exit_left
2300,1,0.0000000000,0.0000000000,0.5000000000,0.0000000000,exit_right
2400,1,0.0000000000,0.0000000000,0.5000000000,0.0000000000,exit_right
2500,1,0.0000000000,0.0000000000,0.5000000000,0.0000000000,exit_right
2600,1,0.0000000000,0.0000000000,0.5000000000,0.0000000000,exit_right
2700,1,0.0000000000,0.0000000000,0.5000000000,0.0000000000,exit_right
2800,1,0.0000000000,0.0000000000,0.1183793727,0.0000000000,scatter
2800,2,0.1183793727,0.0000000000,0.5000000000,0.2299376393,exit_right
2900,1,0.0000000000,0.0000000000,0.5000000000,0.0000000000,exit_right
3000,1,0.0000000000,0.0000000000,0.5000000000,0.0000000000,exit_right
3100,1,0.0000000000,0.0000000000,0.5000000000,0.0000000000,exit_right
3200,1,0.0000000000,0.0000000000,0.5000000000,0.0000000000,exit_right
3300,1,0.0000000000,0.0000000000,0.5000000000,0.0000000000,exit_right
3400,1,0.0000000000,0.0000000000,0.5000000000,0.0000000000,exit_right
3500,1,0.0000000000,0.0000000000,0.5000000000,0.0000000000,exit_right
3600,1,0.0000000000,0.0000000000,0.5000000000,0.0000000000,exit_right
3700,1,0.0000000000,0.0000000000,0.5000000000,0.0000000000,exit_right
3800,1,0.0000000000,0.0000000000,0.5000000000,0.0000000000,exit_right
3900,1,0.0000000000,0.0000000000,0.3830871313,0.0000000000,scatter
3900,2,0.3830871313,0.0000000000,0.5000000000,-0.0609782072,exit_right
4000,1,0.0000000000,0.0000000000,0.5000000000,0.0000000000,exit_right
4100,1,0.0000000000,0.0000000000,0.5000000000,0.0000000000,exit_right
4200,1,0.0000000000,0.0000000000,0.5000000000,0.0000000000,exit_right
4300,1,0.0000000000,0.0000000000,0.5000000000,0.0000000000,exit_right
4400,1,0.0000000000,0.0000000000,0.0339721843,0.0000000000,scatter
4400,2,0.0339721843,0.0000000000,0.5000000000,-0.0606896832,exit_right
4500,1,0.0000000000,0.0000000000,0.0054533965,0.0000000000,scatter
4500,2,0.0054533965,0.0000000000,0.0000000000,0.0203203672,exit_left
4600,1,0.0000000000,0.0000000000,0.5000000000,0.0000000000,exit_right
4700,1,0.0000000000,0.0000000000,0.5000000000,0.0000000000,exit_right
4800,1,0.0000000000,0.0000000000,0.5000000000,0.0000000000,exit_right
4900,1,0.0000000000,0.0000000000,0.5000000000,0.0000000000,exit_right
5000,1,0.0000000000,0.0000000000,0.3238302148,0.0000000000,scatter
5000,2,0.3238302148,0.0000000000,0.0000000000,-0.0223038778,exit_left
5100,1,0.0000000000,0.0000000000,0.5000000000,0.0000000000,exit_right
5200,1,0.0000000000,0.0000000000,0.5000000000,0.0000000000,exit_right
5300,1,0.0000000000,0.0000000000,0.5000000000,0.0000000000,exit_right
5400,1,0.0000000000,0.0000000000,0.5000000000,0.0000000000,exit_right
5500,1,0.0000000000,0.0000000000,0.5000000000,0.0000000000,exit_right
5600,1,0.0000000000,0.0000000000,0.2596891429,0.0000000000,absorb
5700,1,0.0000000000,0.0000000000,0.3553824978,0.0000000000,absorb
5800,1,0.0000000000,0.0000000000,0.5000000000,0.0000000000,exit_right
5900,1,0.0000000000,0.0000000000,0.5000000000,0.0000000000,exit_right
6000,1,0.0000000000,0.0000000000,0.5000000000,0.0000000000,exit_right
6100,1,0.0000000000,0.0000000000,0.5000000000,0.0000000000,exit_right
6200,1,0.0000000000,0.0000000000,0.2369774329,0.0000000000,scatter
6200,2,0.2369774329,0.0000000000,0.0000000000,-0.2530297403,exit_left
6300,1,0.0000000000,0.0000000000,0.5000000000,0.0000000000,exit_right
6400,1,0.0000000000,0.0000000000,0.5000000000,0.0000000000,exit_right
6500,1,0.0000000000,0.0000000000,0.5000000000,0.0000000000,exit_right
6600,1,0.0000000000,0.0000000000,0.5000000000,0.0000000000,exit_right
6700,1,0.0000000000,0.0000000000,0.5000000000,0.0000000000,exit_right
6800,1,0.0000000000,0.0000000000,0.2336152359,0.0000000000,scatter
6800,2,0.2336152359,0.0000000000,0.3565687974,-2.2511578316,scatter
6800,3,0.3565687974,-2.2511578316,0.5000000000,-1.7066303816,exit_right
6900,1,0.0000000000,0.0000000000,0.5000000000,0.0000000000,exit_right
7000,1,0.0000000000,0.0000000000,0.5000000000,0.0000000000,exit_right
7100,1,0.0000000000,0.0000000000,0.5000000000,0.0000000000,exit_right
7200,1,0.0000000000,0.0000000000,0.5000000000,0.0000000000,exit_right
7300,1,0.0000000000,0.0000000000,0.0406610734,0.0000000000,scatter
7300,2,0.0406610734,0.0000000000,0.5000000000,0.3213857539,exit_right
7400,1,0.0000000000,0.0000000000,0.5000000000,0.0000000000,exit_right
7500,1,0.0000000000,0.0000000000,0.5000000000,0.0000000000,exit_right
7600,1,0.0000000000,0.0000000000,0.5000000000,0.0000000000,exit_right
7700,1,0.0000000000,0.0000000000,0.5000000000,0.0000000000,exit_right
7800,1,0.0000000000,0.0000000000,0.5000000000,0.0000000000,exit_right
7900,1,0.0000000000,0.0000000000,0.1927850233,0.0000000000,absorb
8000,1,0.0000000000,0.0000000000,0.5000000000,0.0000000000,exit_right
8100,1,0.0000000000,0.0000000000,0.5000000000,0.0000000000,exit_right
8200,1,0.0000000000,0.0000000000,0.5000000000,0.0000000000,exit_right
8300,1,0.0000000000,0.0000000000,0.5000000000,0.0000000000,exit_right
8400,1,0.0000000000,0.0000000000,0.0959278023,0.0000000000,scatter
8400,2,0.0959278023,0.0000000000,0.5000000000,1.1885833264,exit_right
8500,1,0.0000000000,0.0000000000,0.5000000000,0.0000000000,exit_right
8600,1,0.0000000000,0.0000000000,0.5000000000,0.0000000000,exit_right
8700,1,0.0000000000,0.0000000000,0.5000000000,0.0000000000,exit_right
8800,1,0.0000000000,0.0000000000,0.5000000000,0.0000000000,exit_right
8900,1,0.0000000000,0.0000000000,0.5000000000,0.0000000000,exit_right
9000,1,0.0000000000,0.0000000000,0.5000000000,0.0000000000,exit_right
9100,1,0.0000000000,0.0000000000,0.5000000000,0.0000000000,exit_right
9200,1,0.0000000000,0.0000000000,0.5000000000,0.0000000000,exit_right
9300,1,0.0000000000,0.0000000000,0.5000000000,0.0000000000,exit_right
9400,1,0.0000000000,0.0000000000,0.3512955126,0.0000000000,scatter
9400,2,0.3512955126,0.0000000000,0.5000000000,-0.1132142976,exit_right
9500,1,0.0000000000,0.0000000000,0.4032359627,0.0000000000,scatter
9500,2,0.4032359627,0.0000000000,0.5000000000,0.0145701649,exit_right
9600,1,0.0000000000,0.0000000000,0.5000000000,0.0000000000,exit_right
9700,1,0.0000000000,0.0000000000,0.5000000000,0.0000000000,exit_right
9800,1,0.0000000000,0.0000000000,0.5000000000,0.0000000000,exit_right
9900,1,0.0000000000,0.0000000000,0.5000000000,0.0000000000,exit_right
10000,1,0.0000000000,0.0000000000,0.5000000000,0.0000000000,exit_right
10100,1,0.0000000000,0.0000000000,0.5000000000,0.0000000000,exit_right
10200,1,0.0000000000,0.0000000000,0.5000000000,0.0000000000,exit_right
10300,1,0.0000000000,0.0000000000,0.0056909514,0.0000000000,scatter
10300,2,0.0056909514,0.0000000000,0.0000000000,-0.0075747751,exit_left
10400,1,0.0000000000,0.0000000000,0.3219297290,0.0000000000,scatter
10400,2,0.3219297290,0.0000000000,0.0000000000,0.0568590211,exit_left
10500,1,0.0000000000,0.0000000000,0.0778208585,0.0000000000,scatter
10500,2,0.0778208585,0.0000000000,0.0000000000,0.3167219683,exit_left
10600,1,0.0000000000,0.0000000000,0.2824924445,0.0000000000,scatter
10600,2,0.2824924445,0.0000000000,0.5000000000,-0.2056517126,exit_right
10700,1,0.0000000000,0.0000000000,0.5000000000,0.0000000000,exit_right
10800,1,0.0000000000,0.0000000000,0.5000000000,0.0000000000,exit_right
10900,1,0.0000000000,0.0000000000,0.5000000000,0.0000000000,exit_right
11000,1,0.0000000000,0.0000000000,0.5000000000,0.0000000000,exit_right
11100,1,0.0000000000,0.0000000000,0.5000000000,0.0000000000,exit_right
11200,1,0.0000000000,0.0000000000,0.5000000000,0.0000000000,exit_right
11300,1,0.0000000000,0.0000000000,0.5000000000,0.0000000000,exit_right
11400,1,0.0000000000,0.0000000000,0.0413099182,0.0000000000,scatter
11400,2,0.0413099182,0.0000000000,0.2564557284,0.9525821490,absorb
11500,1,0.0000000000,0.0000000000,0.5000000000,0.0000000000,exit_right
11600,1,0.0000000000,0.0000000000,0.5000000000,0.0000000000,exit_right
11700,1,0.0000000000,0.0000000000,0.0236324326,0.0000000000,scatter
11700,2,0.0236324326,0.0000000000,0.0000000000,0.0789483976,exit_left
11800,1,0.0000000000,0.0000000000,0.5000000000,0.0000000000,exit_right
11900,1,0.0000000000,0.0000000000,0.5000000000,0.0000000000,exit_right
12000,1,0.0000000000,0.0000000000,0.5000000000,0.0000000000,exit_right
12100,1,0.0000000000,0.0000000000,0.5000000000,0.0000000000,exit_right
12200,1,0.0000000000,0.0000000000,0.5000000000,0.0000000000,exit_right
12300,1,0.0000000000,0.0000000000,0.3458565203,0.0000000000,scatter
12300,2,0.3458565203,0.0000000000,0.0000000000,0.3248674547,exit_left
12400,1,0.0000000000,0.0000000000,0.5000000000,0.0000000000,exit_right
12500,1,0.0000000000,0.0000000000,0.5000000000,0.0000000000,exit_right
12600,1,0.0000000000,0.0000000000,0.5000000000,0.0000000000,exit_right
12700,1,0.0000000000,0.0000000000,0.5000000000,0.0000000000,exit_right
12800,1,0.0000000000,0.0000000000,0.5000000000,0.0000000000,exit_right
12900,1,0.0000000000,0.0000000000,0.5000000000,0.0000000000,exit_right
13000,1,0.0000000000,0.0000000000,0.0608305121,0.0000000000,absorb
13100,1,0.0000000000,0.0000000000,0.5000000000,0.0000000000,exit_right
13200,1,0.0000000000,0.0000000000,0.5000000000,0.0000000000,exit_right
13300,1,0.0000000000,0.0000000000,0.5000000000,0.0000000000,exit_right
13400,1,0.0000000000,0.0000000000,0.5000000000,0.0000000000,exit_right
13500,1,0.0000000000,0.0000000000,0.5000000000,0.0000000000,exit_right
13600,1,0.0000000000,0.0000000000,0.5000000000,0.0000000000,exit_right
13700,1,0.0000000000,0.0000000000,0.5000000000,0.0000000000,exit_right
13800,1,0.0000000000,0.0000000000,0.5000000000,0.0000000000,exit_right
13900,1,0.0000000000,0.0000000000,0.5000000000,0.0000000000,exit_right
14000,1,0.0000000000,0.0000000000,0.5000000000,0.0000000000,exit_right
14100,1,0.0000000000,0.0000000000,0.5000000000,0.0000000000,exit_right
14200,1,0.0000000000,0.0000000000,0.3862505707,0.0000000000,scatter
14200,2,0.3862505707,0.0000000000,0.0000000000,0.7129520987,exit_left
14300,1,0.0000000000,0.0000000000,0.5000000000,0.0000000000,exit_right
14400,1,0.0000000000,0.0000000000,0.5000000000,0.0000000000,exit_right
14500,1,0.0000000000,0.0000000000,0.5000000000,0.0000000000,exit_right
14600,1,0.0000000000,0.0000000000,0.5000000000,0.0000000000,exit_right
14700,1,0.0000000000,0.0000000000,0.5000000000,0.0000000000,exit_right
14800,1,0.0000000000,0.0000000000,0.0253406415,0.0000000000,absorb
14900,1,0.0000000000,0.0000000000,0.5000000000,0.0000000000,exit_right
15000,1,0.0000000000,0.0000000000,0.5000000000,0.0000000000,exit_right
15100,1,0.0000000000,0.0000000000,0.5000000000,0.0000000000,exit_right
15200,1,0.0000000000,0.0000000000,0.5000000000,0.0000000000,exit_right
15300,1,0.0000000000,0.0000000000,0.2492193095,0.0000000000,scatter
15300,2,0.2492193095,0.0000000000,0.5000000000,-0.3094823613,exit_right
15400,1,0.0000000000,0.0000000000,0.3744322027,0.0000000000,scatter
15400,2,0.3744322027,0.0000000000,0.5000000000,-0.1699979633,exit_right
15500,1,0.0000000000,0.0000000000,0.1964403138,0.0000000000,absorb
15600,1,0.0000000000,0.0000000000,0.5000000000,0.0000000000,exit_right
15700,1,0.0000000000,0.0000000000,0.5000000000,0.0000000000,exit_right
15800,1,0.0000000000,0.0000000000,0.5000000000,0.0000000000,exit_right
15900,1,0.0000000000,0.0000000000,0.5000000000,0.0000000000,exit_right
16000,1,0.0000000000,0.0000000000,0.5000000000,0.0000000000,exit_right
16100,1,0.0000000000,0.0000000000,0.5000000000,0.0000000000,exit_right
16200,1,0.0000000000,0.0000000000,0.5000000000,0.0000000000,exit_right
16300,1,0.0000000000,0.0000000000,0.5000000000,0.0000000000,exit_right
16400,1,0.0000000000,0.0000000000,0.5000000000,0.0000000000,exit_right
16500,1,0.0000000000,0.0000000000,0.5000000000,0.0000000000,exit_right
16600,1,0.0000000000,0.0000000000,0.5000000000,0.0000000000,exit_right
16700,1,0.0000000000,0.0000000000,0.5000000000,0.0000000000,exit_right
16800,1,0.0000000000,0.0000000000,0.3432568185,0.0000000000,scatter
16800,2,0.3432568185,0.0000000000,0.5000000000,-0.1679210489,exit_right
16900,1,0.0000000000,0.0000000000,0.5000000000,0.0000000000,exit_right
17000,1,0.0000000000,0.0000000000,0.5000000000,0.0000000000,exit_right
17100,1,0.0000000000,0.0000000000,0.5000000000,0.0000000000,exit_right
17200,1,0.0000000000,0.0000000000,0.1608275748,0.0000000000,scatter
17200,2,0.1608275748,0.0000000000,0.3747862295,0.6267052293,scatter
17200,3,0.3747862295,0.6267052293,0.2617162191,0.6875074414,scatter
17200,4,0.2617162191,0.6875074414,0.0000000000,1.0012788006,exit_left
17300,1,0.0000000000,0.0000000000,0.5000000000,0.0000000000,exit_right
17400,1,0.0000000000,0.0000000000,0.3231822795,0.0000000000,scatter
17400,2,0.3231822795,0.0000000000,0.5000000000,-0.0906900379,exit_right
17500,1,0.0000000000,0.0000000000,0.5000000000,0.0000000000,exit_right
17600,1,0.0000000000,0.0000000000,0.3164601817,0.0000000000,absorb
17700,1,0.0000000000,0.0000000000,0.5000000000,0.0000000000,exit_right
17800,1,0.0000000000,0.0000000000,0.5000000000,0.0000000000,exit_right
17900,1,0.0000000000,0.0000000000,0.5000000000,0.0000000000,exit_right
18000,1,0.0000000000,0.0000000000,0.5000000000,0.0000000000,exit_right
18100,1,0.0000000000,0.0000000000,0.5000000000,0.0000000000,exit_right
18200,1,0.0000000000,0.0000000000,0.5000000000,0.0000000000,exit_right
18300,1,0.0000000000,0.0000000000,0.5000000000,0.0000000000,exit_right
18400,1,0.0000000000,0.0000000000,0.5000000000,0.0000000000,exit_right
18500,1,0.0000000000,0.0000000000,0.5000000000,0.0000000000,exit_right
18600,1,0.0000000000,0.0000000000,0.5000000000,0.0000000000,exit_right
18700,1,0.0000000000,0.0000000000,0.5000000000,0.0000000000,exit_right
18800,1,0.0000000000,0.0000000000,0.5000000000,0.0000000000,exit_right
18900,1,0.0000000000,0.0000000000,0.5000000000,0.0000000000,exit_right
19000,1,0.0000000000,0.0000000000,0.4562919545,0.0000000000,scatter
19000,2,0.4562919545,0.0000000000,0.0000000000,0.2940617775,exit_left
19100,1,0.0000000000,0.0000000000,0.5000000000,0.0000000000,exit_right
19200,1,0.0000000000,0.0000000000,0.5000000000,0.0000000000,exit_right
19300,1,0.0000000000,0.0000000000,0.5000000000,0.0000000000,exit_right
19400,1,0.0000000000,0.0000000000,0.5000000000,0.0000000000,exit_right
19500,1,0.0000000000,0.0000000000,0.5000000000,0.0000000000,exit_right
19600,1,0.0000000000,0.0000000000,0.5000000000,0.0000000000,exit_right
19700,1,0.0000000000,0.0000000000,0.5000000000,0.0000000000,exit_right
19800,1,0.0000000000,0.0000000000,0.5000000000,0.0000000000,exit_right
19900,1,0.0000000000,0.0000000000,0.5000000000,0.0000000000,exit_right
20000,1,0.0000000000,0.0000000000,0.5000000000,0.0000000000,exit_right
20100,1,0.0000000000,0.0000000000,0.5000000000,0.0000000000,exit_right
20200,1,0.0000000000,0.0000000000,0.5000000000,0.0000000000,exit_right
20300,1,0.0000000000,0.0000000000,0.0848172200,0.0000000000,absorb
20400,1,0.0000000000,0.0000000000,0.5000000000,0.0000000000,exit_right
20500,1,0.0000000000,0.0000000000,0.5000000000,0.0000000000,exit_right
20600,1,0.0000000000,0.0000000000,0.5000000000,0.0000000000,exit_right
20700,1,0.0000000000,0.0000000000,0.5000000000,0.0000000000,exit_right
20800,1,0.0000000000,0.0000000000,0.5000000000,0.0000000000,exit_right
20900,1,0.0000000000,0.0000000000,0.1257288564,0.0000000000,absorb
21000,1,0.0000000000,0.0000000000,0.5000000000,0.0000000000,exit_right
21100,1,0.0000000000,0.0000000000,0.3157360333,0.0000000000,scatter
21100,2,0.3157360333,0.0000000000,0.0000000000,-0.0000569610,exit_left
21200,1,0.0000000000,0.0000000000,0.5000000000,0.0000000000,exit_right
21300,1,0.0000000000,0.0000000000,0.5000000000,0.0000000000,exit_right
21400,1,0.0000000000,0.0000000000,0.5000000000,0.0000000000,exit_right
21500,1,0.0000000000,0.0000000000,0.5000000000,0.0000000000,exit_right
21600,1,0.0000000000,0.0000000000,0.5000000000,0.0000000000,exit_right
21700,1,0.0000000000,0.0000000000,0.5000000000,0.0000000000,exit_right
21800,1,0.0000000000,0.0000000000,0.4529497631,0.0000000000,scatter
21800,2,0.4529497631,0.0000000000,0.5000000000,0.1266354956,exit_right
21900,1,0.0000000000,0.0000000000,0.0898133421,0.0000000000,absorb
22000,1,0.0000000000,0.0000000000,0.5000000000,0.0000000000,exit_right
22100,1,0.0000000000,0.0000000000,0.5000000000,0.0000000000,exit_right
22200,1,0.0000000000,0.0000000000,0.4648187871,0.0000000000,scatter
22200,2,0.4648187871,0.0000000000,0.0000000000,-0.5632946557,exit_left
22300,1,0.0000000000,0.0000000000,0.5000000000,0.0000000000,exit_right
22400,1,0.0000000000,0.0000000000,0.0697350829,0.0000000000,scatter
22400,2,0.0697350829,0.0000000000,0.0000000000,0.0687856120,exit_left
22500,1,0.0000000000,0.0000000000,0.5000000000,0.0000000000,exit_right
22600,1,0.0000000000,0.0000000000,0.5000000000,0.0000000000,exit_right
22700,1,0.0000000000,0.0000000000,0.1623552046,0.0000000000,scatter
22700,2,0.1623552046,0.0000000000,0.5000000000,-0.2492598383,exit_right
22800,1,0.0000000000,0.0000000000,0.5000000000,0.0000000000,exit_right
22900,1,0.0000000000,0.0000000000,0.5000000000,0.0000000000,exit_right
23000,1,0.0000000000,0.0000000000,0.5000000000,0.0000000000,exit_right
23100,1,0.0000000000,0.0000000000,0.4881555816,0.0000000000,absorb
23200,1,0.0000000000,0.0000000000,0.5000000000,0.0000000000,exit_right
23300,1,0.0000000000,0.0000000000,0.5000000000,0.0000000000,exit_right
23400,1,0.0000000000,0.0000000000,0.5000000000,0.0000000000,exit_right
23500,1,0.0000000000,0.0000000000,0.5000000000,0.0000000000,exit_right
23600,1,0.0000000000,0.0000000000,0.5000000000,0.0000000000,exit_right
23700,1,0.0000000000,0.0000000000,0.4148446967,0.0000000000,scatter
23700,2,0.4148446967,0.0000000000,0.0000000000,0.8893245961,exit_left
23800,1,0.0000000000,0.0000000000,0.5000000000,0.0000000000,exit_right
23900,1,0.0000000000,0.0000000000,0.5000000000,0.0000000000,exit_right
24000,1,0.0000000000,0.0000000000,0.0259913388,0.0000000000,scatter
24000,2,0.0259913388,0.0000000000,0.0000000000,-0.0097100283,exit_left
24100,1,0.0000000000,0.0000000000,0.5000000000,0.0000000000,exit_right
24200,1,0.0000000000,0.0000000000,0.5000000000,0.0000000000,exit_right
24300,1,0.0000000000,0.0000000000,0.5000000000,0.0000000000,exit_right
24400,1,0.0000000000,0.0000000000,0.3724565903,0.0000000000,scatter
24400,2,0.3724565903,0.0000000000,0.3678178659,1.2020249373,scatter
24400,3,0.3678178659,1.2020249373,0.5000000000,1.0841569932,exit_right
24500,1,0.0000000000,0.0000000000,0.5000000000,0.0000000000,exit_right
24600,1,0.0000000000,0.0000000000,0.4663867198,0.0000000000,absorb
24700,1,0.0000000000,0.0000000000,0.0786325597,0.0000000000,absorb
24800,1,0.0000000000,0.0000000000,0.5000000000,0.0000000000,exit_right
24900,1,0.0000000000,0.0000000000,0.5000000000,0.0000000000,exit_right
25000,1,0.0000000000,0.0000000000,0.5000000000,0.0000000000,exit_right
25100,1,0.0000000000,0.0000000000,0.5000000000,0.0000000000,exit_right
25200,1,0.0000000000,0.0000000000,0.5000000000,0.0000000000,exit_right
25300,1,0.0000000000,0.0000000000,0.5000000000,0.0000000000,exit_right
25400,1,0.0000000000,0.0000000000,0.5000000000,0.0000000000,exit_right
25500,1,0.0000000000,0.0000000000,0.5000000000,0.0000000000,exit_right
25600,1,0.0000000000,0.0000000000,0.5000000000,0.0000000000,exit_right
25700,1,0.0000000000,0.0000000000,0.5000000000,0.0000000000,exit_right
25800,1,0.0000000000,0.0000000000,0.5000000000,0.0000000000,exit_right
25900,1,0.0000000000,0.0000000000,0.5000000000,0.0000000000,exit_right
26000,1,0.0000000000,0.0000000000,0.5000000000,0.0000000000,exit_right
26100,1,0.0000000000,0.0000000000,0.5000000000,0.0000000000,exit_right
26200,1,0.0000000000,0.0000000000,0.5000000000,0.0000000000,exit_right
26300,1,0.0000000000,0.0000000000,0.5000000000,0.0000000000,exit_right
26400,1,0.0000000000,0.0000000000,0.5000000000,0.0000000000,exit_right
26500,1,0.0000000000,0.0000000000,0.5000000000,0.0000000000,exit_right
26600,1,0.0000000000,0.0000000000,0.5000000000,0.0000000000,exit_right
26700,1,0.0000000000,0.0000000000,0.5000000000,0.0000000000,exit_right
26800,1,0.0000000000,0.0000000000,0.3844188124,0.0000000000,scatter
26800,2,0.3844188124,0.0000000000,0.0000000000,0.7983698944,exit_left
26900,1,0.0000000000,0.0000000000,0.5000000000,0.0000000000,exit_right
27000,1,0.0000000000,0.0000000000,0.5000000000,0.0000000000,exit_right
27100,1,0.0000000000,0.0000000000,0.5000000000,0.0000000000,exit_right
27200,1,0.0000000000,0.0000000000,0.5000000000,0.0000000000,exit_right
27300,1,0.0000000000,0.0000000000,0.5000000000,0.0000000000,exit_right
27400,1,0.0000000000,0.0000000000,0.5000000000,0.0000000000,exit_right
27500,1,0.0000000000,0.0000000000,0.5000000000,0.0000000000,exit_right
27600,1,0.0000000000,0.0000000000,0.5000000000,0.0000000000,exit_right
27700,1,0.0000000000,0.0000000000,0.5000000000,0.0000000000,exit_right
27800,1,0.0000000000,0.0000000000,0.5000000000,0.0000000000,exit_right
27900,1,0.0000000000,0.0000000000,0.5000000000,0.0000000000,exit_right
28000,1,0.0000000000,0.0000000000,0.3089400237,0.0000000000,scatter
28000,2,0.3089400237,0.0000000000,0.0000000000,0.4097579689,exit_left
28100,1,0.0000000000,0.0000000000,0.5000000000,0.0000000000,exit_right
28200,1,0.0000000000,0.0000000000,0.1974276574,0.0000000000,scatter
28200,2,0.1974276574,0.0000000000,0.0000000000,0.1656167464,exit_left
28300,1,0.0000000000,0.0000000000,0.5000000000,0.0000000000,exit_right
28400,1,0.0000000000,0.0000000000,0.3331266646,0.0000000000,scatter
28400,2,0.3331266646,0.0000000000,0.5000000000,-0.1086527107,exit_right
28500,1,0.0000000000,0.0000000000,0.3253733066,0.0000000000,scatter
28500,2,0.3253733066,0.0000000000,0.5000000000,-0.1151688055,exit_right
28600,1,0.0000000000,0.0000000000,0.5000000000,0.0000000000,exit_right
28700,1,0.0000000000,0.0000000000,0.5000000000,0.0000000000,exit_right
28800,1,0.0000000000,0.0000000000,0.5000000000,0.0000000000,exit_right
28900,1,0.0000000000,0.0000000000,0.5000000000,0.0000000000,exit_right
29000,1,0.0000000000,0.0000000000,0.0956675688,0.0000000000,scatter
29000,2,0.0956675688,0.0000000000,0.5000000000,-0.3193517895,exit_right
29100,1,0.0000000000,0.0000000000,0.5000000000,0.0000000000,exit_right
29200,1,0.0000000000,0.0000000000,0.5000000000,0.0000000000,exit_right
29300,1,0.0000000000,0.0000000000,0.0046875325,0.0000000000,scatter
29300,2,0.0046875325,0.0000000000,0.5000000000,-0.2248692196,exit_right
29400,1,0.0000000000,0.0000000000,0.0307534544,0.0000000000,absorb
29500,1,0.0000000000,0.0000000000,0.3014808396,0.0000000000,scatter
29500,2,0.3014808396,0.0000000000,0.5000000000,0.0708127413,exit_right
29600,1,0.0000000000,0.0000000000,0.4662462950,0.0000000000,scatter
29600,2,0.4662462950,0.0000000000,0.4489844987,1.3455489935,scatter
29600,3,0.4489844987,1.3455489935,0.0000000000,1.4412002417,exit_left
29700,1,0.0000000000,0.0000000000,0.5000000000,0.0000000000,exit_right
29800,1,0.0000000000,0.0000000000,0.5000000000,0.0000000000,exit_right
29900,1,0.0000000000,0.0000000000,0.5000000000,0.0000000000,exit_right
30000,1,0.0000000000,0.0000000000,0.5000000000,0.0000000000,exit_right
30100,1,0.0000000000,0.0000000000,0.5000000000,0.0000000000,exit_right
30200,1,0.0000000000,0.0000000000,0.0976098940,0.0000000000,scatter
30200,2,0.0976098940,0.0000000000,0.5000000000,-0.4727651146,exit_right
30300,1,0.0000000000,0.0000000000,0.5000000000,0.0000000000,exit_right
30400,1,0.0000000000,0.0000000000,0.5000000000,0.0000000000,exit_right
30500,1,0.0000000000,0.0000000000,0.2470884115,0.0000000000,scatter
30500,2,0.2470884115,0.0000000000,0.2963192310,-1.3244959218,absorb
30600,1,0.0000000000,0.0000000000,0.5000000000,0.0000000000,exit_right
30700,1,0.0000000000,0.0000000000,0.5000000000,0.0000000000,exit_right
30800,1,0.0000000000,0.0000000000,0.5000000000,0.0000000000,exit_right
30900,1,0.0000000000,0.0000000000,0.4519480302,0.0000000000,scatter
30900,2,0.4519480302,0.0000000000,0.0000000000,-0.6522330145,exit_left
31000,1,0.0000000000,0.0000000000,0.5000000000,0.0000000000,exit_right
31100,1,0.0000000000,0.0000000000,0.5000000000,0.0000000000,exit_right
31200,1,0.0000000000,0.0000000000,0.4614209631,0.0000000000,scatter
31200,2,0.4614209631,0.0000000000,0.5000000000,-0.0324831099,exit_right
31300,1,0.0000000000,0.0000000000,0.3710817028,0.0000000000,scatter
31300,2,0.3710817028,0.0000000000,0.5000000000,0.0247373362,exit_right
31400,1,0.0000000000,0.0000000000,0.0761503554,0.0000000000,scatter
31400,2,0.0761503554,0.0000000000,0.4486936163,1.3575968714,scatter
31400,3,0.4486936163,1.3575968714,0.5000000000,1.3972791890,exit_right
31500,1,0.0000000000,0.0000000000,0.3350682694,0.0000000000,scatter
31500,2,0.3350682694,0.0000000000,0.0000000000,0.3361194531,exit_left
31600,1,0.0000000000,0.0000000000,0.5000000000,0.0000000000,exit_right
31700,1,0.0000000000,0.0000000000,0.5000000000,0.0000000000,exit_right
31800,1,0.0000000000,0.0000000000,0.5000000000,0.0000000000,exit_right
31900,1,0.0000000000,0.0000000000,0.5000000000,0.0000000000,exit_right
32000,1,0.0000000000,0.0000000000,0.4377626171,0.0000000000,scatter
32000,2,0.4377626171,0.0000000000,0.3731523807,-0.0853481210,scatter
32000,3,0.3731523807,-0.0853481210,0.5000000000,-0.1523789222,exit_right
32100,1,0.0000000000,0.0000000000,0.5000000000,0.0000000000,exit_right
32200,1,0.0000000000,0.0000000000,0.3625680028,0.0000000000,scatter
32200,2,0.3625680028,0.0000000000,0.5000000000,-0.1277428043,exit_right
32300,1,0.0000000000,0.0000000000,0.5000000000,0.0000000000,exit_right
32400,1,0.0000000000,0.0000000000,0.1107034139,0.0000000000,scatter
32400,2,0.1107034139,0.0000000000,0.0000000000,0.2979171470,exit_left
32500,1,0.0000000000,0.0000000000,0.3269972275,0.0000000000,scatter
32500,2,0.3269972275,0.0000000000,0.5000000000,0.4822092989,exit_right
32600,1,0.0000000000,0.0000000000,0.5000000000,0.0000000000,exit_right
32700,1,0.0000000000,0.0000000000,0.5000000000,0.0000000000,exit_right
32800,1,0.0000000000,0.0000000000,0.0544004776,0.0000000000,absorb
32900,1,0.0000000000,0.0000000000,0.5000000000,0.0000000000,exit_right
33000,1,0.0000000000,0.0000000000,0.5000000000,0.0000000000,exit_right
33100,1,0.0000000000,0.0000000000,0.5000000000,0.0000000000,exit_right
33200,1,0.0000000000,0.0000000000,0.5000000000,0.0000000000,exit_right
33300,1,0.0000000000,0.0000000000,0.5000000000,0.0000000000,exit_right
33400,1,0.0000000000,0.0000000000,0.2591231994,0.0000000000,absorb
33500,1,0.0000000000,0.0000000000,0.5000000000,0.0000000000,exit_right
33600,1,0.0000000000,0.0000000000,0.5000000000,0.0000000000,exit_right
33700,1,0.0000000000,0.0000000000,0.5000000000,0.0000000000,exit_right
33800,1,0.0000000000,0.0000000000,0.5000000000,0.0000000000,exit_right
33900,1,0.0000000000,0.0000000000,0.5000000000,0.0000000000,exit_right
34000,1,0.0000000000,0.0000000000,0.5000000000,0.0000000000,exit_right
34100,1,0.0000000000,0.0000000000,0.5000000000,0.0000000000,exit_right
34200,1,0.0000000000,0.0000000000,0.4654302503,0.0000000000,scatter
34200,2,0.4654302503,0.0000000000,0.5000000000,-0.0822749116,exit_right
34300,1,0.0000000000,0.0000000000,0.5000000000,0.0000000000,exit_right
34400,1,0.0000000000,0.0000000000,0.5000000000,0.0000000000,exit_right
34500,1,0.0000000000,0.0000000000,0.5000000000,0.0000000000,exit_right
34600,1,0.0000000000,0.0000000000,0.5000000000,0.0000000000,exit_right
34700,1,0.0000000000,0.0000000000,0.5000000000,0.0000000000,exit_right
34800,1,0.0000000000,0.0000000000,0.5000000000,0.0000000000,exit_right
34900,1,0.0000000000,0.0000000000,0.5000000000,0.0000000000,exit_right
35000,1,0.0000000000,0.0000000000,0.5000000000,0.0000000000,exit_right
35100,1,0.0000000000,0.0000000000,0.5000000000,0.0000000000,exit_right
35200,1,0.0000000000,0.0000000000,0.5000000000,0.0000000000,exit_right
35300,1,0.0000000000,0.0000000000,0.5000000000,0.0000000000,exit_right
35400,1,0.0000000000,0.0000000000,0.5000000000,0.0000000000,exit_right
35500,1,0.0000000000,0.0000000000,0.5000000000,0.0000000000,exit_right
35600,1,0.0000000000,0.0000000000,0.5000000000,0.0000000000,exit_right
35700,1,0.0000000000,0.0000000000,0.5000000000,0.0000000000,exit_right
35800,1,0.0000000000,0.0000000000,0.5000000000,0.0000000000,exit_right
35900,1,0.0000000000,0.0000000000,0.5000000000,0.0000000000,exit_right
36000,1,0.0000000000,0.0000000000,0.5000000000,0.0000000000,exit_right
36100,1,0.0000000000,0.0000000000,0.5000000000,0.0000000000,exit_right
36200,1,0.0000000000,0.0000000000,0.5000000000,0.0000000000,exit_right
36300,1,0.0000000000,0.0000000000,0.0252045370,0.0000000000,absorb
36400,1,0.0000000000,0.0000000000,0.5000000000,0.0000000000,exit_right
36500,1,0.0000000000,0.0000000000,0.5000000000,0.0000000000,exit_right
36600,1,0.0000000000,0.0000000000,0.5000000000,0.0000000000,exit_right
36700,1,0.0000000000,0.0000000000,0.5000000000,0.0000000000,exit_right
36800,1,0.0000000000,0.0000000000,0.5000000000,0.0000000000,exit_right
36900,1,0.0000000000,0.0000000000,0.5000000000,0.0000000000,exit_right
37000,1,0.0000000000,0.0000000000,0.5000000000,0.0000000000,exit_right
37100,1,0.0000000000,0.0000000000,0.5000000000,0.0000000000,exit_right
37200,1,0.0000000000,0.0000000000,0.5000000000,0.0000000000,exit_right
37300,1,0.0000000000,0.0000000000,0.5000000000,0.0000000000,exit_right
37400,1,0.0000000000,0.0000000000,0.1875610946,0.0000000000,scatter
37400,2,0.1875610946,0.0000000000,0.0000000000,-0.0777937746,exit_left
37500,1,0.0000000000,0.0000000000,0.5000000000,0.0000000000,exit_right
37600,1,0.0000000000,0.0000000000,0.5000000000,0.0000000000,exit_right
37700,1,0.0000000000,0.0000000000,0.5000000000,0.0000000000,exit_right
37800,1,0.0000000000,0.0000000000,0.5000000000,0.0000000000,exit_right
37900,1,0.0000000000,0.0000000000,0.5000000000,0.0000000000,exit_right
38000,1,0.0000000000,0.0000000000,0.5000000000,0.0000000000,exit_right
38100,1,0.0000000000,0.0000000000,0.5000000000,0.0000000000,exit_right
38200,1,0.0000000000,0.0000000000,0.5000000000,0.0000000000,exit_right
38300,1,0.0000000000,0.0000000000,0.5000000000,0.0000000000,exit_right
38400,1,0.0000000000,0.0000000000,0.5000000000,0.0000000000,exit_right
38500,1,0.0000000000,0.0000000000,0.5000000000,0.0000000000,exit_right
38600,1,0.0000000000,0.0000000000,0.5000000000,0.0000000000,exit_right
38700,1,0.0000000000,0.0000000000,0.5000000000,0.0000000000,exit_right
38800,1,0.0000000000,0.0000000000,0.5000000000,0.0000000000,exit_right
38900,1,0.0000000000,0.0000000000,0.5000000000,0.0000000000,exit_right
39000,1,0.0000000000,0.0000000000,0.5000000000,0.0000000000,exit_right
39100,1,0.0000000000,0.0000000000,0.2302847254,0.0000000000,scatter
39100,2,0.2302847254,0.0000000000,0.5000000000,0.2984512665,exit_right
39200,1,0.0000000000,0.0000000000,0.5000000000,0.0000000000,exit_right
39300,1,0.0000000000,0.0000000000,0.5000000000,0.0000000000,exit_right
39400,1,0.0000000000,0.0000000000,0.2599977126,0.0000000000,scatter
39400,2,0.2599977126,0.0000000000,0.0000000000,0.0592891892,exit_left
39500,1,0.0000000000,0.0000000000,0.5000000000,0.0000000000,exit_right
39600,1,0.0000000000,0.0000000000,0.5000000000,0.0000000000,exit_right
39700,1,0.0000000000,0.0000000000,0.5000000000,0.0000000000,exit_right
39800,1,0.0000000000,0.0000000000,0.2149451099,0.0000000000,scatter
39800,2,0.2149451099,0.0000000000,0.5000000000,0.3573204886,exit_right
39900,1,0.0000000000,0.0000000000,0.5000000000,0.0000000000,exit_right
40000,1,0.0000000000,0.0000000000,0.5000000000,0.0000000000,exit_right
40100,1,0.0000000000,0.0000000000,0.5000000000,0.0000000000,exit_right
40200,1,0.0000000000,0.0000000000,0.5000000000,0.0000000000,exit_right
40300,1,0.0000000000,0.0000000000,0.5000000000,0.0000000000,exit_right
40400,1,0.0000000000,0.0000000000,0.5000000000,0.0000000000,exit_right
40500,1,0.0000000000,0.0000000000,0.5000000000,0.0000000000,exit_right
40600,1,0.0000000000,0.0000000000,0.5000000000,0.0000000000,exit_right
40700,1,0.0000000000,0.0000000000,0.5000000000,0.0000000000,exit_right
40800,1,0.0000000000,0.0000000000,0.4129837023,0.0000000000,scatter
40800,2,0.4129837023,0.0000000000,0.5000000000,-0.5382308486,exit_right
40900,1,0.0000000000,0.0000000000,0.5000000000,0.0000000000,exit_right
41000,1,0.0000000000,0.0000000000,0.5000000000,0.0000000000,exit_right
41100,1,0.0000000000,0.0000000000,0.5000000000,0.0000000000,exit_right
41200,1,0.0000000000,0.0000000000,0.4857103534,0.0000000000,absorb
41300,1,0.0000000000,0.0000000000,0.5000000000,0.0000000000,exit_right
41400,1,0.0000000000,0.0000000000,0.5000000000,0.0000000000,exit_right
41500,1,0.0000000000,0.0000000000,0.5000000000,0.0000000000,exit_right
41600,1,0.0000000000,0.0000000000,0.5000000000,0.0000000000,exit_right
41700,1,0.0000000000,0.0000000000,0.5000000000,0.0000000000,exit_right
41800,1,0.0000000000,0.0000000000,0.5000000000,0.0000000000,exit_right
41900,1,0.0000000000,0.0000000000,0.5000000000,0.0000000000,exit_right
42000,1,0.0000000000,0.0000000000,0.0097053200,0.0000000000,scatter
42000,2,0.0097053200,0.0000000000,0.0000000000,0.0258925554,exit_left
42100,1,0.0000000000,0.0000000000,0.2313291996,0.0000000000,scatter
42100,2,0.2313291996,0.0000000000,0.2522548130,-0.0206847863,scatter
42100,3,0.2522548130,-0.0206847863,0.0000000000,-0.4858854777,exit_left
42200,1,0.0000000000,0.0000000000,0.3629121367,0.0000000000,scatter
42200,2,0.3629121367,0.0000000000,0.0000000000,0.4318422366,exit_left
42300,1,0.0000000000,0.0000000000,0.5000000000,0.0000000000,exit_right
42400,1,0.0000000000,0.0000000000,0.5000000000,0.0000000000,exit_right
42500,1,0.0000000000,0.0000000000,0.0532928426,0.0000000000,scatter
42500,2,0.0532928426,0.0000000000,0.5000000000,-0.3498041904,exit_right
42600,1,0.0000000000,0.0000000000,0.5000000000,0.0000000000,exit_right
42700,1,0.0000000000,0.0000000000,0.1544264563,0.0000000000,scatter
42700,2,0.1544264563,0.0000000000,0.0000000000,0.0002640287,exit_left
42800,1,0.0000000000,0.0000000000,0.3672998627,0.0000000000,scatter
42800,2,0.3672998627,0.0000000000,0.0000000000,-0.5119836773,exit_left
42900,1,0.0000000000,0.0000000000,0.3246441672,0.0000000000,scatter
42900,2,0.3246441672,0.0000000000,0.3506324811,0.0647006622,scatter
42900,3,0.3506324811,0.0647006622,0.5000000000,-0.0749749968,exit_right
43000,1,0.0000000000,0.0000000000,0.1162586973,0.0000000000,absorb
43100,1,0.0000000000,0.0000000000,0.3063514972,0.0000000000,scatter
43100,2,0.3063514972,0.0000000000,0.0000000000,-0.7895331580,exit_left
43200,1,0.0000000000,0.0000000000,0.5000000000,0.0000000000,exit_right
43300,1,0.0000000000,0.0000000000,0.5000000000,0.0000000000,exit_right
43400,1,0.0000000000,0.0000000000,0.5000000000,0.0000000000,exit_right
43500,1,0.0000000000,0.0000000000,0.5000000000,0.0000000000,exit_right
43600,1,0.0000000000,0.0000000000,0.5000000000,0.0000000000,exit_right
43700,1,0.0000000000,0.0000000000,0.5000000000,0.0000000000,exit_right
43800,1,0.0000000000,0.0000000000,0.5000000000,0.0000000000,exit_right
43900,1,0.0000000000,0.0000000000,0.5000000000,0.0000000000,exit_right
44000,1,0.0000000000,0.0000000000,0.5000000000,0.0000000000,exit_right
44100,1,0.0000000000,0.0000000000,0.5000000000,0.0000000000,exit_right
44200,1,0.0000000000,0.0000000000,0.5000000000,0.0000000000,exit_right
44300,1,0.0000000000,0.0000000000,0.5000000000,0.0000000000,exit_right
44400,1,0.0000000000,0.0000000000,0.5000000000,0.0000000000,exit_right
44500,1,0.0000000000,0.0000000000,0.5000000000,0.0000000000,exit_right
44600,1,0.0000000000,0.0000000000,0.5000000000,0.0000000000,exit_right
44700,1,0.0000000000,0.0000000000,0.4496072587,0.0000000000,absorb
44800,1,0.0000000000,0.0000000000,0.4870805399,0.0000000000,scatter
44800,2,0.4870805399,0.0000000000,0.5000000000,0.0039969507,exit_right
44900,1,0.0000000000,0.0000000000,0.1055905203,0.0000000000,scatter
44900,2,0.1055905203,0.0000000000,0.1956840473,0.0474542441,scatter
44900,3,0.1956840473,0.0474542441,0.0000000000,-0.4363235133,exit_left
45000,1,0.0000000000,0.0000000000,0.5000000000,0.0000000000,exit_right
45100,1,0.0000000000,0.0000000000,0.4326453972,0.0000000000,scatter
45100,2,0.4326453972,0.0000000000,0.3305083642,-0.0220778419,absorb
45200,1,0.0000000000,0.0000000000,0.5000000000,0.0000000000,exit_right
45300,1,0.0000000000,0.0000000000,0.5000000000,0.0000000000,exit_right
45400,1,0.0000000000,0.0000000000,0.4717408353,0.0000000000,scatter
45400,2,0.4717408353,0.0000000000,0.5000000000,0.0017215987,exit_right
45500,1,0.0000000000,0.0000000000,0.0307267077,0.0000000000,scatter
45500,2,0.0307267077,0.0000000000,0.0000000000,0.0448699698,exit_left
45600,1,0.0000000000,0.0000000000,0.5000000000,0.0000000000,exit_right
45700,1,0.0000000000,0.0000000000,0.5000000000,0.0000000000,exit_right
45800,1,0.0000000000,0.0000000000,0.5000000000,0.0000000000,exit_right
45900,1,0.0000000000,0.0000000000,0.5000000000,0.0000000000,exit_right
46000,1,0.0000000000,0.0000000000,0.5000000000,0.0000000000,exit_right
46100,1,0.0000000000,0.0000000000,0.5000000000,0.0000000000,exit_right
46200,1,0.0000000000,0.0000000000,0.5000000000,0.0000000000,exit_right
46300,1,0.0000000000,0.0000000000,0.5000000000,0.0000000000,exit_right
46400,1,0.0000000000,0.0000000000,0.2037087731,0.0000000000,scatter
46400,2,0.2037087731,0.0000000000,0.0000000000,0.1144332049,exit_left
46500,1,0.0000000000,0.0000000000,0.0281816328,0.0000000000,scatter
46500,2,0.0281816328,0.0000000000,0.0000000000,0.0198318235,exit_left
46600,1,0.0000000000,0.0000000000,0.5000000000,0.0000000000,exit_right
46700,1,0.0000000000,0.0000000000,0.5000000000,0.0000000000,exit_right
46800,1,0.0000000000,0.0000000000,0.5000000000,0.0000000000,exit_right
46900,1,0.0000000000,0.0000000000,0.5000000000,0.0000000000,exit_right
47000,1,0.0000000000,0.0000000000,0.2996466579,0.0000000000,scatter
47000,2,0.2996466579,0.0000000000,0.0639279402,1.4489539337,scatter
47000,3,0.0639279402,1.4489539337,0.0000000000,1.4723581038,exit_left
47100,1,0.0000000000,0.0000000000,0.5000000000,0.0000000000,exit_right
47200,1,0.0000000000,0.0000000000,0.5000000000,0.0000000000,exit_right
47300,1,0.0000000000,0.0000000000,0.5000000000,0.0000000000,exit_right
47400,1,0.0000000000,0.0000000000,0.0918432456,0.0000000000,scatter
47400,2,0.0918432456,0.0000000000,0.0569870393,-0.0711957522,scatter
47400,3,0.0569870393,-0.0711957522,0.1818788893,-0.1034351171,scatter
47400,4,0.1818788893,-0.1034351171,0.0000000000,0.0139593067,exit_left
47500,1,0.0000000000,0.0000000000,0.5000000000,0.0000000000,exit_right
47600,1,0.0000000000,0.0000000000,0.5000000000,0.0000000000,exit_right
47700,1,0.0000000000,0.0000000000,0.4935520445,0.0000000000,scatter
47700,2,0.4935520445,0.0000000000,0.1198032370,-2.1949679481,scatter
47700,3,0.1198032370,-2.1949679481,0.5000000000,-2.5265362868,exit_right
47800,1,0.0000000000,0.0000000000,0.5000000000,0.0000000000,exit_right
47900,1,0.0000000000,0.0000000000,0.5000000000,0.0000000000,exit_right
48000,1,0.0000000000,0.0000000000,0.3628334500,0.0000000000,scatter
48000,2,0.3628334500,0.0000000000,0.2939509215,-0.3873516879,scatter
48000,3,0.2939509215,-0.3873516879,0.5000000000,-1.4125705553,exit_right
48100,1,0.0000000000,0.0000000000,0.5000000000,0.0000000000,exit_right
48200,1,0.0000000000,0.0000000000,0.5000000000,0.0000000000,exit_right
48300,1,0.0000000000,0.0000000000,0.5000000000,0.0000000000,exit_right
48400,1,0.0000000000,0.0000000000,0.5000000000,0.0000000000,exit_right
48500,1,0.0000000000,0.0000000000,0.1108138564,0.0000000000,scatter
48500,2,0.1108138564,0.0000000000,0.0000000000,0.2753888521,exit_left
48600,1,0.0000000000,0.0000000000,0.5000000000,0.0000000000,exit_right
48700,1,0.0000000000,0.0000000000,0.5000000000,0.0000000000,exit_right
48800,1,0.0000000000,0.0000000000,0.3826506702,0.0000000000,absorb
48900,1,0.0000000000,0.0000000000,0.5000000000,0.0000000000,exit_right
49000,1,0.0000000000,0.0000000000,0.5000000000,0.0000000000,exit_right
49100,1,0.0000000000,0.0000000000,0.5000000000,0.0000000000,exit_right
49200,1,0.0000000000,0.0000000000,0.5000000000,0.0000000000,exit_right
49300,1,0.0000000000,0.0000000000,0.5000000000,0.0000000000,exit_right
49400,1,0.0000000000,0.0000000000,0.5000000000,0.0000000000,exit_right
49500,1,0.0000000000,0.0000000000,0.1007816647,0.0000000000,scatter
49500,2,0.1007816647,0.0000000000,0.5000000000,0.0246536996,exit_right
49600,1,0.0000000000,0.0000000000,0.5000000000,0.0000000000,exit_right
49700,1,0.0000000000,0.0000000000,0.5000000000,0.0000000000,exit_right
49800,1,0.0000000000,0.0000000000,0.5000000000,0.0000000000,exit_right
49900,1,0.0000000000,0.0000000000,0.5000000000,0.0000000000,exit_right
50000,1,0.0000000000,0.0000000000,0.1697006234,0.0000000000,scatter
50000,2,0.1697006234,0.0000000000,0.5000000000,-0.1041955828,exit_right
50100,1,0.0000000000,0.0000000000,0.2509193140,0.0000000000,scatter
50100,2,0.2509193140,0.0000000000,0.3225015436,-0.6996476872,absorb
50200,1,0.0000000000,0.0000000000,0.5000000000,0.0000000000,exit_right
50300,1,0.0000000000,0.0000000000,0.0281279762,0.0000000000,scatter
50300,2,0.0281279762,0.0000000000,0.4490991253,-0.6310444043,scatter
50300,3,0.4490991253,-0.6310444043,0.0000000000,-0.2729423611,exit_left
50400,1,0.0000000000,0.0000000000,0.1468763734,0.0000000000,absorb
50500,1,0.0000000000,0.0000000000,0.5000000000,0.0000000000,exit_right
50600,1,0.0000000000,0.0000000000,0.5000000000,0.0000000000,exit_right
50700,1,0.0000000000,0.0000000000,0.5000000000,0.0000000000,exit_right
50800,1,0.0000000000,0.0000000000,0.5000000000,0.0000000000,exit_right
50900,1,0.0000000000,0.0000000000,0.0539749497,0.0000000000,absorb
51000,1,0.0000000000,0.0000000000,0.5000000000,0.0000000000,exit_right
51100,1,0.0000000000,0.0000000000,0.5000000000,0.0000000000,exit_right
51200,1,0.0000000000,0.0000000000,0.5000000000,0.0000000000,exit_right
51300,1,0.0000000000,0.0000000000,0.5000000000,0.0000000000,exit_right
51400,1,0.0000000000,0.0000000000,0.5000000000,0.0000000000,exit_right
51500,1,0.0000000000,0.0000000000,0.0900220526,0.0000000000,absorb
51600,1,0.0000000000,0.0000000000,0.5000000000,0.0000000000,exit_right
51700,1,0.0000000000,0.0000000000,0.5000000000,0.0000000000,exit_right
51800,1,0.0000000000,0.0000000000,0.5000000000,0.0000000000,exit_right
51900,1,0.0000000000,0.0000000000,0.5000000000,0.0000000000,exit_right
52000,1,0.0000000000,0.0000000000,0.5000000000,0.0000000000,exit_right
52100,1,0.0000000000,0.0000000000,0.2307396254,0.0000000000,scatter
52100,2,0.2307396254,0.0000000000,0.5000000000,0.5697230669,exit_right
52200,1,0.0000000000,0.0000000000,0.5000000000,0.0000000000,exit_right
52300,1,0.0000000000,0.0000000000,0.5000000000,0.0000000000,exit_right
52400,1,0.0000000000,0.0000000000,0.5000000000,0.0000000000,exit_right
52500,1,0.0000000000,0.0000000000,0.5000000000,0.0000000000,exit_right
52600,1,0.0000000000,0.0000000000,0.5000000000,0.0000000000,exit_right
52700,1,0.0000000000,0.0000000000,0.5000000000,0.0000000000,exit_right
52800,1,0.0000000000,0.0000000000,0.5000000000,0.0000000000,exit_right
52900,1,0.0000000000,0.0000000000,0.5000000000,0.0000000000,exit_right
53000,1,0.0000000000,0.0000000000,0.2598695477,0.0000000000,scatter
53000,2,0.2598695477,0.0000000000,0.0000000000,-0.0529225756,exit_left
53100,1,0.0000000000,0.0000000000,0.5000000000,0.0000000000,exit_right
53200,1,0.0000000000,0.0000000000,0.5000000000,0.0000000000,exit_right
53300,1,0.0000000000,0.0000000000,0.3830741871,0.0000000000,scatter
53300,2,0.3830741871,0.0000000000,0.0000000000,0.1857208552,exit_left
53400,1,0.0000000000,0.0000000000,0.2929960531,0.0000000000,scatter
53400,2,0.2929960531,0.0000000000,0.5000000000,-0.4191870313,exit_right
53500,1,0.0000000000,0.0000000000,0.5000000000,0.0000000000,exit_right
53600,1,0.0000000000,0.0000000000,0.5000000000,0.0000000000,exit_right
53700,1,0.0000000000,0.0000000000,0.2449288521,0.0000000000,absorb
53800,1,0.0000000000,0.0000000000,0.5000000000,0.0000000000,exit_right
53900,1,0.0000000000,0.0000000000,0.5000000000,0.0000000000,exit_right
54000,1,0.0000000000,0.0000000000,0.5000000000,0.0000000000,exit_right
54100,1,0.0000000000,0.0000000000,0.5000000000,0.0000000000,exit_right
54200,1,0.0000000000,0.0000000000,0.4473834340,0.0000000000,scatter
54200,2,0.4473834340,0.0000000000,0.5000000000,-0.5734535677,exit_right
54300,1,0.0000000000,0.0000000000,0.5000000000,0.0000000000,exit_right
54400,1,0.0000000000,0.0000000000,0.4737981771,0.0000000000,scatter
54400,2,0.4737981771,0.0000000000,0.3217243153,1.1172905018,scatter
54400,3,0.3217243153,1.1172905018,0.5000000000,1.0536913350,exit_right
54500,1,0.0000000000,0.0000000000,0.5000000000,0.0000000000,exit_right
54600,1,0.0000000000,0.0000000000,0.5000000000,0.0000000000,exit_right
54700,1,0.0000000000,0.0000000000,0.5000000000,0.0000000000,exit_right
54800,1,0.0000000000,0.0000000000,0.5000000000,0.0000000000,exit_right
54900,1,0.0000000000,0.0000000000,0.4282558443,0.0000000000,scatter
54900,2,0.4282558443,0.0000000000,0.5000000000,0.1704700324,exit_right
55000,1,0.0000000000,0.0000000000,0.5000000000,0.0000000000,exit_right
55100,1,0.0000000000,0.0000000000,0.5000000000,0.0000000000,exit_right
55200,1,0.0000000000,0.0000000000,0.5000000000,0.0000000000,exit_right
55300,1,0.0000000000,0.0000000000,0.1219438220,0.0000000000,scatter
55300,2,0.1219438220,0.0000000000,0.5000000000,-0.0742419420,exit_right
55400,1,0.0000000000,0.0000000000,0.4082792232,0.0000000000,absorb
55500,1,0.0000000000,0.0000000000,0.3797860486,0.0000000000,absorb
55600,1,0.0000000000,0.0000000000,0.5000000000,0.0000000000,exit_right
55700,1,0.0000000000,0.0000000000,0.5000000000,0.0000000000,exit_right
55800,1,0.0000000000,0.0000000000,0.5000000000,0.0000000000,exit_right
55900,1,0.0000000000,0.0000000000,0.5000000000,0.0000000000,exit_right
56000,1,0.0000000000,0.0000000000,0.5000000000,0.0000000000,exit_right
56100,1,0.0000000000,0.0000000000,0.5000000000,0.0000000000,exit_right
56200,1,0.0000000000,0.0000000000,0.4225720495,0.0000000000,absorb
56300,1,0.0000000000,0.0000000000,0.5000000000,0.0000000000,exit_right
56400,1,0.0000000000,0.0000000000,0.3593180687,0.0000000000,scatter
56400,2,0.3593180687,0.0000000000,0.0000000000,-0.2006111093,exit_left
56500,1,0.0000000000,0.0000000000,0.4641119404,0.0000000000,scatter
56500,2,0.4641119404,0.0000000000,0.5000000000,0.0638853207,exit_right
56600,1,0.0000000000,0.0000000000,0.5000000000,0.0000000000,exit_right
56700,1,0.0000000000,0.0000000000,0.5000000000,0.0000000000,exit_right
56800,1,0.0000000000,0.0000000000,0.5000000000,0.0000000000,exit_right
56900,1,0.0000000000,0.0000000000,0.1379831251,0.0000000000,scatter
56900,2,0.1379831251,0.0000000000,0.5000000000,0.5739175530,exit_right
57000,1,0.0000000000,0.0000000000,0.5000000000,0.0000000000,exit_right
57100,1,0.0000000000,0.0000000000,0.5000000000,0.0000000000,exit_right
57200,1,0.0000000000,0.0000000000,0.5000000000,0.0000000000,exit_right
57300,1,0.0000000000,0.0000000000,0.5000000000,0.0000000000,exit_right
57400,1,0.0000000000,0.0000000000,0.5000000000,0.0000000000,exit_right
57500,1,0.0000000000,0.0000000000,0.5000000000,0.0000000000,exit_right
57600,1,0.0000000000,0.0000000000,0.5000000000,0.0000000000,exit_right
57700,1,0.0000000000,0.0000000000,0.5000000000,0.0000000000,exit_right
57800,1,0.0000000000,0.0000000000,0.1859302385,0.0000000000,scatter
57800,2,0.1859302385,0.0000000000,0.0000000000,0.0213816496,exit_left
57900,1,0.0000000000,0.0000000000,0.5000000000,0.0000000000,exit_right
58000,1,0.0000000000,0.0000000000,0.1245582954,0.0000000000,scatter
58000,2,0.1245582954,0.0000000000,0.4146596310,0.7122288196,scatter
58000,3,0.4146596310,0.7122288196,0.0000000000,-0.6021951571,exit_left
58100,1,0.0000000000,0.0000000000,0.1192988438,0.0000000000,scatter
58100,2,0.1192988438,0.0000000000,0.0000000000,-0.3665052162,exit_left
58200,1,0.0000000000,0.0000000000,0.5000000000,0.0000000000,exit_right
58300,1,0.0000000000,0.0000000000,0.5000000000,0.0000000000,exit_right
58400,1,0.0000000000,0.0000000000,0.5000000000,0.0000000000,exit_right
58500,1,0.0000000000,0.0000000000,0.5000000000,0.0000000000,exit_right
58600,1,0.0000000000,0.0000000000,0.5000000000,0.0000000000,exit_right
58700,1,0.0000000000,0.0000000000,0.2167142413,0.0000000000,scatter
58700,2,0.2167142413,0.0000000000,0.3207170273,0.1252630499,scatter
58700,3,0.3207170273,0.1252630499,0.0000000000,-0.0454330082,exit_left
58800,1,0.0000000000,0.0000000000,0.5000000000,0.0000000000,exit_right
58900,1,0.0000000000,0.0000000000,0.5000000000,0.0000000000,exit_right
59000,1,0.0000000000,0.0000000000,0.5000000000,0.0000000000,exit_right
59100,1,0.0000000000,0.0000000000,0.1065541408,0.0000000000,scatter
59100,2,0.1065541408,0.0000000000,0.3205441087,0.1008748501,scatter
59100,3,0.3205441087,0.1008748501,0.1930531703,0.2111590237,scatter
59100,4,0.1930531703,0.2111590237,0.0000000000,0.1053472953,exit_left
59200,1,0.0000000000,0.0000000000,0.5000000000,0.0000000000,exit_right
59300,1,0.0000000000,0.0000000000,0.5000000000,0.0000000000,exit_right
59400,1,0.0000000000,0.0000000000,0.5000000000,0.0000000000,exit_right
59500,1,0.0000000000,0.0000000000,0.4291833900,0.0000000000,scatter
59500,2,0.4291833900,0.0000000000,0.5000000000,0.0580291095,exit_right
59600,1,0.0000000000,0.0000000000,0.5000000000,0.0000000000,exit_right
59700,1,0.0000000000,0.0000000000,0.5000000000,0.0000000000,exit_right
59800,1,0.0000000000,0.0000000000,0.5000000000,0.0000000000,exit_right
59900,1,0.0000000000,0.0000000000,0.2442477892,0.0000000000,scatter
59900,2,0.2442477892,0.0000000000,0.1626075862,-0.7381213529,absorb
60000,1,0.0000000000,0.0000000000,0.5000000000,0.0000000000,exit_right
60100,1,0.0000000000,0.0000000000,0.5000000000,0.0000000000,exit_right
60200,1,0.0000000000,0.0000000000,0.5000000000,0.0000000000,exit_right
60300,1,0.0000000000,0.0000000000,0.5000000000,0.0000000000,exit_right
60400,1,0.0000000000,0.0000000000,0.5000000000,0.0000000000,exit_right
60500,1,0.0000000000,0.0000000000,0.5000000000,0.0000000000,exit_right
60600,1,0.0000000000,0.0000000000,0.5000000000,0.0000000000,exit_right
60700,1,0.0000000000,0.0000000000,0.5000000000,0.0000000000,exit_right
60800,1,0.0000000000,0.0000000000,0.5000000000,0.0000000000,exit_right
60900,1,0.0000000000,0.0000000000,0.5000000000,0.0000000000,exit_right
61000,1,0.0000000000,0.0000000000,0.3236099652,0.0000000000,scatter
61000,2,0.3236099652,0.0000000000,0.5000000000,-1.9079448673,exit_right
61100,1,0.0000000000,0.0000000000,0.5000000000,0.0000000000,exit_right
61200,1,0.0000000000,0.0000000000,0.5000000000,0.0000000000,exit_right
61300,1,0.0000000000,0.0000000000,0.1002906574,0.0000000000,scatter
61300,2,0.1002906574,0.0000000000,0.0000000000,-0.1103071500,exit_left
61400,1,0.0000000000,0.0000000000,0.5000000000,0.0000000000,exit_right
61500,1,0.0000000000,0.0000000000,0.0936530067,0.0000000000,absorb
61600,1,0.0000000000,0.0000000000,0.5000000000,0.0000000000,exit_right
61700,1,0.0000000000,0.0000000000,0.0545552807,0.0000000000,scatter
61700,2,0.0545552807,0.0000000000,0.5000000000,0.4999509307,exit_right
61800,1,0.0000000000,0.0000000000,0.5000000000,0.0000000000,exit_right
61900,1,0.0000000000,0.0000000000,0.5000000000,0.0000000000,exit_right
62000,1,0.0000000000,0.0000000000,0.5000000000,0.0000000000,exit_right
62100,1,0.0000000000,0.0000000000,0.0607071441,0.0000000000,scatter
62100,2,0.0607071441,0.0000000000,0.5000000000,1.3058061771,exit_right
62200,1,0.0000000000,0.0000000000,0.5000000000,0.0000000000,exit_right
62300,1,0.0000000000,0.0000000000,0.2641518596,0.0000000000,scatter
62300,2,0.2641518596,0.0000000000,0.0000000000,-0.0871545794,exit_left
62400,1,0.0000000000,0.0000000000,0.5000000000,0.0000000000,exit_right
62500,1,0.0000000000,0.0000000000,0.5000000000,0.0000000000,exit_right
62600,1,0.0000000000,0.0000000000,0.5000000000,0.0000000000,exit_right
62700,1,0.0000000000,0.0000000000,0.5000000000,0.0000000000,exit_right
62800,1,0.0000000000,0.0000000000,0.5000000000,0.0000000000,exit_right
62900,1,0.0000000000,0.0000000000,0.5000000000,0.0000000000,exit_right
63000,1,0.0000000000,0.0000000000,0.5000000000,0.0000000000,exit_right
63100,1,0.0000000000,0.0000000000,0.5000000000,0.0000000000,exit_right
63200,1,0.0000000000,0.0000000000,0.1914165162,0.0000000000,scatter
63200,2,0.1914165162,0.0000000000,0.2879377529,-0.0386267491,absorb
63300,1,0.0000000000,0.0000000000,0.5000000000,0.0000000000,exit_right
63400,1,0.0000000000,0.0000000000,0.3002137950,0.0000000000,absorb
63500,1,0.0000000000,0.0000000000,0.0249449299,0.0000000000,scatter
63500,2,0.0249449299,0.0000000000,0.5000000000,1.6502737517,exit_right
63600,1,0.0000000000,0.0000000000,0.5000000000,0.0000000000,exit_right
63700,1,0.0000000000,0.0000000000,0.5000000000,0.0000000000,exit_right
63800,1,0.0000000000,0.0000000000,0.5000000000,0.0000000000,exit_right
63900,1,0.0000000000,0.0000000000,0.5000000000,0.0000000000,exit_right
64000,1,0.0000000000,0.0000000000,0.5000000000,0.0000000000,exit_right
64100,1,0.0000000000,0.0000000000,0.5000000000,0.0000000000,exit_right
64200,1,0.0000000000,0.0000000000,0.5000000000,0.0000000000,exit_right
64300,1,0.0000000000,0.0000000000,0.5000000000,0.0000000000,exit_right
64400,1,0.0000000000,0.0000000000,0.5000000000,0.0000000000,exit_right
64500,1,0.0000000000,0.0000000000,0.5000000000,0.0000000000,exit_right
64600,1,0.0000000000,0.0000000000,0.5000000000,0.0000000000,exit_right
64700,1,0.0000000000,0.0000000000,0.0905286531,0.0000000000,scatter
64700,2,0.0905286531,0.0000000000,0.1188417711,-0.2827399319,scatter
64700,3,0.1188417711,-0.2827399319,0.0000000000,-0.3657201882,exit_left
64800,1,0.0000000000,0.0000000000,0.5000000000,0.0000000000,exit_right
64900,1,0.0000000000,0.0000000000,0.5000000000,0.0000000000,exit_right
65000,1,0.0000000000,0.0000000000,0.5000000000,0.0000000000,exit_right
65100,1,0.0000000000,0.0000000000,0.5000000000,0.0000000000,exit_right
65200,1,0.0000000000,0.0000000000,0.5000000000,0.0000000000,exit_right
65300,1,0.0000000000,0.0000000000,0.3920421806,0.0000000000,scatter
65300,2,0.3920421806,0.0000000000,0.2207297816,-0.2653513692,scatter
65300,3,0.2207297816,-0.2653513692,0.0000000000,0.2086131755,exit_left
65400,1,0.0000000000,0.0000000000,0.3099745791,0.0000000000,absorb
65500,1,0.0000000000,0.0000000000,0.5000000000,0.0000000000,exit_right
65600,1,0.0000000000,0.0000000000,0.0741078239,0.0000000000,scatter
65600,2,0.0741078239,0.0000000000,0.0000000000,-0.1803432177,exit_left
65700,1,0.0000000000,0.0000000000,0.5000000000,0.0000000000,exit_right
65800,1,0.0000000000,0.0000000000,0.5000000000,0.0000000000,exit_right
65900,1,0.0000000000,0.0000000000,0.5000000000,0.0000000000,exit_right
66000,1,0.0000000000,0.0000000000,0.5000000000,0.0000000000,exit_right
66100,1,0.0000000000,0.0000000000,0.5000000000,0.0000000000,exit_right
66200,1,0.0000000000,0.0000000000,0.5000000000,0.0000000000,exit_right
66300,1,0.0000000000,0.0000000000,0.3147106425,0.0000000000,scatter
66300,2,0.3147106425,0.0000000000,0.2223488527,-0.4815484505,absorb
66400,1,0.0000000000,0.0000000000,0.5000000000,0.0000000000,exit_right
66500,1,0.0000000000,0.0000000000,0.3512439112,0.0000000000,scatter
66500,2,0.3512439112,0.0000000000,0.0000000000,-0.0560386114,exit_left
66600,1,0.0000000000,0.0000000000,0.5000000000,0.0000000000,exit_right
66700,1,0.0000000000,0.0000000000,0.5000000000,0.0000000000,exit_right
66800,1,0.0000000000,0.0000000000,0.5000000000,0.0000000000,exit_right
66900,1,0.0000000000,0.0000000000,0.5000000000,0.0000000000,exit_right
67000,1,0.0000000000,0.0000000000,0.5000000000,0.0000000000,exit_right
67100,1,0.0000000000,0.0000000000,0.5000000000,0.0000000000,exit_right
67200,1,0.0000000000,0.0000000000,0.0740631605,0.0000000000,scatter
67200,2,0.0740631605,0.0000000000,0.5000000000,0.1064203494,exit_right
67300,1,0.0000000000,0.0000000000,0.5000000000,0.0000000000,exit_right
67400,1,0.0000000000,0.0000000000,0.5000000000,0.0000000000,exit_right
67500,1,0.0000000000,0.0000000000,0.1161369298,0.0000000000,scatter
67500,2,0.1161369298,0.0000000000,0.5000000000,0.1282509952,exit_right
67600,1,0.0000000000,0.0000000000,0.5000000000,0.0000000000,exit_right
67700,1,0.0000000000,0.0000000000,0.5000000000,0.0000000000,exit_right
67800,1,0.0000000000,0.0000000000,0.0287108409,0.0000000000,scatter
67800,2,0.0287108409,0.0000000000,0.5000000000,0.5083533626,exit_right
67900,1,0.0000000000,0.0000000000,0.5000000000,0.0000000000,exit_right
68000,1,0.0000000000,0.0000000000,0.3348995291,0.0000000000,absorb
68100,1,0.0000000000,0.0000000000,0.5000000000,0.0000000000,exit_right
68200,1,0.0000000000,0.0000000000,0.5000000000,0.0000000000,exit_right
68300,1,0.0000000000,0.0000000000,0.2313577184,0.0000000000,scatter
68300,2,0.2313577184,0.0000000000,0.5000000000,0.3369410510,exit_right
68400,1,0.0000000000,0.0000000000,0.5000000000,0.0000000000,exit_right
68500,1,0.0000000000,0.0000000000,0.5000000000,0.0000000000,exit_right
68600,1,0.0000000000,0.0000000000,0.5000000000,0.0000000000,exit_right
68700,1,0.0000000000,0.0000000000,0.3309889847,0.0000000000,scatter
68700,2,0.3309889847,0.0000000000,0.3032387739,0.0002440681,scatter
68700,3,0.3032387739,0.0002440681,0.5000000000,0.0990565698,exit_right
68800,1,0.0000000000,0.0000000000,0.0721809254,0.0000000000,absorb
68900,1,0.0000000000,0.0000000000,0.5000000000,0.0000000000,exit_right
69000,1,0.0000000000,0.0000000000,0.2373962271,0.0000000000,scatter
69000,2,0.2373962271,0.0000000000,0.3798373207,0.2286439567,scatter
69000,3,0.3798373207,0.2286439567,0.5000000000,0.2684153363,exit_right
69100,1,0.0000000000,0.0000000000,0.5000000000,0.0000000000,exit_right
69200,1,0.0000000000,0.0000000000,0.5000000000,0.0000000000,exit_right
69300,1,0.0000000000,0.0000000000,0.5000000000,0.0000000000,exit_right
69400,1,0.0000000000,0.0000000000,0.5000000000,0.0000000000,exit_right
69500,1,0.0000000000,0.0000000000,0.5000000000,0.0000000000,exit_right
69600,1,0.0000000000,0.0000000000,0.5000000000,0.0000000000,exit_right
69700,1,0.0000000000,0.0000000000,0.5000000000,0.0000000000,exit_right
69800,1,0.0000000000,0.0000000000,0.5000000000,0.0000000000,exit_right
69900,1,0.0000000000,0.0000000000,0.5000000000,0.0000000000,exit_right
70000,1,0.0000000000,0.0000000000,0.5000000000,0.0000000000,exit_right
70100,1,0.0000000000,0.0000000000,0.5000000000,0.0000000000,exit_right
70200,1,0.0000000000,0.0000000000,0.2766343528,0.0000000000,scatter
70200,2,0.2766343528,0.0000000000,0.5000000000,-0.1738916056,exit_right
70300,1,0.0000000000,0.0000000000,0.5000000000,0.0000000000,exit_right
70400,1,0.0000000000,0.0000000000,0.5000000000,0.0000000000,exit_right
70500,1,0.0000000000,0.0000000000,0.5000000000,0.0000000000,exit_right
70600,1,0.0000000000,0.0000000000,0.5000000000,0.0000000000,exit_right
70700,1,0.0000000000,0.0000000000,0.5000000000,0.0000000000,exit_right
70800,1,0.0000000000,0.0000000000,0.5000000000,0.0000000000,exit_right
70900,1,0.0000000000,0.0000000000,0.3373034460,0.0000000000,scatter
70900,2,0.3373034460,0.0000000000,0.0000000000,0.2476662129,exit_left
71000,1,0.0000000000,0.0000000000,0.0666168665,0.0000000000,scatter
71000,2,0.0666168665,0.0000000000,0.5000000000,0.1927249513,exit_right
71100,1,0.0000000000,0.0000000000,0.3512524769,0.0000000000,scatter
71100,2,0.3512524769,0.0000000000,0.2014373737,-0.6625094401,scatter
71100,3,0.2014373737,-0.6625094401,0.0000000000,-0.8205867768,exit_left
71200,1,0.0000000000,0.0000000000,0.5000000000,0.0000000000,exit_right
71300,1,0.0000000000,0.0000000000,0.5000000000,0.0000000000,exit_right
71400,1,0.0000000000,0.0000000000,0.5000000000,0.0000000000,exit_right
71500,1,0.0000000000,0.0000000000,0.5000000000,0.0000000000,exit_right
71600,1,0.0000000000,0.0000000000,0.3597391623,0.0000000000,scatter
71600,2,0.3597391623,0.0000000000,0.0000000000,-0.7964052172,exit_left
71700,1,0.0000000000,0.0000000000,0.5000000000,0.0000000000,exit_right
71800,1,0.0000000000,0.0000000000,0.2128278435,0.0000000000,scatter
71800,2,0.2128278435,0.0000000000,0.0000000000,-0.0763178977,exit_left
71900,1,0.0000000000,0.0000000000,0.5000000000,0.0000000000,exit_right
72000,1,0.0000000000,0.0000000000,0.4345867001,0.0000000000,scatter
72000,2,0.4345867001,0.0000000000,0.0000000000,-0.6271118215,exit_left
72100,1,0.0000000000,0.0000000000,0.5000000000,0.0000000000,exit_right
72200,1,0.0000000000,0.0000000000,0.5000000000,0.0000000000,exit_right
72300,1,0.0000000000,0.0000000000,0.5000000000,0.0000000000,exit_right
72400,1,0.0000000000,0.0000000000,0.5000000000,0.0000000000,exit_right
72500,1,0.0000000000,0.0000000000,0.3365131957,0.0000000000,scatter
72500,2,0.3365131957,0.0000000000,0.0000000000,-0.0551604324,exit_left
72600,1,0.0000000000,0.0000000000,0.5000000000,0.0000000000,exit_right
72700,1,0.0000000000,0.0000000000,0.5000000000,0.0000000000,exit_right
72800,1,0.0000000000,0.0000000000,0.5000000000,0.0000000000,exit_right
72900,1,0.0000000000,0.0000000000,0.5000000000,0.0000000000,exit_right
73000,1,0.0000000000,0.0000000000,0.5000000000,0.0000000000,exit_right
73100,1,0.0000000000,0.0000000000,0.5000000000,0.0000000000,exit_right
73200,1,0.0000000000,0.0000000000,0.5000000000,0.0000000000,exit_right
73300,1,0.0000000000,0.0000000000,0.5000000000,0.0000000000,exit_right
73400,1,0.0000000000,0.0000000000,0.3904620247,0.0000000000,scatter
73400,2,0.3904620247,0.0000000000,0.5000000000,-0.0562168014,exit_right
73500,1,0.0000000000,0.0000000000,0.5000000000,0.0000000000,exit_right
73600,1,0.0000000000,0.0000000000,0.5000000000,0.0000000000,exit_right
73700,1,0.0000000000,0.0000000000,0.4118172709,0.0000000000,scatter
73700,2,0.4118172709,0.0000000000,0.0993412680,2.2189993307,scatter
73700,3,0.0993412680,2.2189993307,0.0212106630,2.0268825814,scatter
73700,4,0.0212106630,2.0268825814,0.0000000000,1.9858780391,exit_left
73800,1,0.0000000000,0.0000000000,0.0236056302,0.0000000000,absorb
73900,1,0.0000000000,0.0000000000,0.5000000000,0.0000000000,exit_right
74000,1,0.0000000000,0.0000000000,0.5000000000,0.0000000000,exit_right
74100,1,0.0000000000,0.0000000000,0.5000000000,0.0000000000,exit_right
74200,1,0.0000000000,0.0000000000,0.4710553366,0.0000000000,scatter
74200,2,0.4710553366,0.0000000000,0.0000000000,0.4644999411,exit_left
74300,1,0.0000000000,0.0000000000,0.5000000000,0.0000000000,exit_right
74400,1,0.0000000000,0.0000000000,0.0171108959,0.0000000000,scatter
74400,2,0.0171108959,0.0000000000,0.0000000000,-0.1162105529,exit_left
74500,1,0.0000000000,0.0000000000,0.5000000000,0.0000000000,exit_right
74600,1,0.0000000000,0.0000000000,0.5000000000,0.0000000000,exit_right
74700,1,0.0000000000,0.0000000000,0.5000000000,0.0000000000,exit_right
74800,1,0.0000000000,0.0000000000,0.4020948687,0.0000000000,scatter
74800,2,0.4020948687,0.0000000000,0.2301233309,0.3398645215,scatter
74800,3,0.2301233309,0.3398645215,0.0000000000,0.4763174487,exit_left
74900,1,0.0000000000,0.0000000000,0.4064856006,0.0000000000,absorb
75000,1,0.0000000000,0.0000000000,0.5000000000,0.0000000000,exit_right
75100,1,0.0000000000,0.0000000000,0.5000000000,0.0000000000,exit_right
75200,1,0.0000000000,0.0000000000,0.5000000000,0.0000000000,exit_right
75300,1,0.0000000000,0.0000000000,0.5000000000,0.0000000000,exit_right
75400,1,0.0000000000,0.0000000000,0.5000000000,0.0000000000,exit_right
75500,1,0.0000000000,0.0000000000,0.3032301060,0.0000000000,scatter
75500,2,0.3032301060,0.0000000000,0.0000000000,0.2915928720,exit_left
75600,1,0.0000000000,0.0000000000,0.2243357519,0.0000000000,scatter
75600,2,0.2243357519,0.0000000000,0.0000000000,0.5314196304,exit_left
75700,1,0.0000000000,0.0000000000,0.5000000000,0.0000000000,exit_right
75800,1,0.0000000000,0.0000000000,0.0432519399,0.0000000000,scatter
75800,2,0.0432519399,0.0000000000,0.0361829917,0.0468820367,scatter
75800,3,0.0361829917,0.0468820367,0.0000000000,0.1047501451,exit_left
75900,1,0.0000000000,0.0000000000,0.4312805012,0.0000000000,scatter
75900,2,0.4312805012,0.0000000000,0.5000000000,-0.0753721693,exit_right
76000,1,0.0000000000,0.0000000000,0.4185161934,0.0000000000,scatter
76000,2,0.4185161934,0.0000000000,0.5000000000,-0.0692717456,exit_right
76100,1,0.0000000000,0.0000000000,0.5000000000,0.0000000000,exit_right
76200,1,0.0000000000,0.0000000000,0.5000000000,0.0000000000,exit_right
76300,1,0.0000000000,0.0000000000,0.2033497945,0.0000000000,absorb
76400,1,0.0000000000,0.0000000000,0.3029867479,0.0000000000,absorb
76500,1,0.0000000000,0.0000000000,0.5000000000,0.0000000000,exit_right
76600,1,0.0000000000,0.0000000000,0.5000000000,0.0000000000,exit_right
76700,1,0.0000000000,0.0000000000,0.1948315825,0.0000000000,absorb
76800,1,0.0000000000,0.0000000000,0.5000000000,0.0000000000,exit_right
76900,1,0.0000000000,0.0000000000,0.5000000000,0.0000000000,exit_right
77000,1,0.0000000000,0.0000000000,0.5000000000,0.0000000000,exit_right
77100,1,0.0000000000,0.0000000000,0.5000000000,0.0000000000,exit_right
77200,1,0.0000000000,0.0000000000,0.5000000000,0.0000000000,exit_right
77300,1,0.0000000000,0.0000000000,0.1311479440,0.0000000000,scatter
77300,2,0.1311479440,0.0000000000,0.0000000000,0.3724638394,exit_left
77400,1,0.0000000000,0.0000000000,0.5000000000,0.0000000000,exit_right
77500,1,0.0000000000,0.0000000000,0.5000000000,0.0000000000,exit_right
77600,1,0.0000000000,0.0000000000,0.5000000000,0.0000000000,exit_right
77700,1,0.0000000000,0.0000000000,0.5000000000,0.0000000000,exit_right
77800,1,0.0000000000,0.0000000000,0.5000000000,0.0000000000,exit_right
77900,1,0.0000000000,0.0000000000,0.5000000000,0.0000000000,exit_right
78000,1,0.0000000000,0.0000000000,0.5000000000,0.0000000000,exit_right
78100,1,0.0000000000,0.0000000000,0.5000000000,0.0000000000,exit_right
78200,1,0.0000000000,0.0000000000,0.5000000000,0.0000000000,exit_right
78300,1,0.0000000000,0.0000000000,0.5000000000,0.0000000000,exit_right
78400,1,0.0000000000,0.0000000000,0.5000000000,0.0000000000,exit_right
78500,1,0.0000000000,0.0000000000,0.5000000000,0.0000000000,exit_right
78600,1,0.0000000000,0.0000000000,0.5000000000,0.0000000000,exit_right
78700,1,0.0000000000,0.0000000000,0.5000000000,0.0000000000,exit_right
78800,1,0.0000000000,0.0000000000,0.5000000000,0.0000000000,exit_right
78900,1,0.0000000000,0.0000000000,0.5000000000,0.0000000000,exit_right
79000,1,0.0000000000,0.0000000000,0.5000000000,0.0000000000,exit_right
79100,1,0.0000000000,0.0000000000,0.5000000000,0.0000000000,exit_right
79200,1,0.0000000000,0.0000000000,0.0915362394,0.0000000000,scatter
79200,2,0.0915362394,0.0000000000,0.0633013453,0.1291867536,scatter
79200,3,0.0633013453,0.1291867536,0.2060744227,0.3723654805,absorb
79300,1,0.0000000000,0.0000000000,0.5000000000,0.0000000000,exit_right
79400,1,0.0000000000,0.0000000000,0.1548438569,0.0000000000,scatter
79400,2,0.1548438569,0.0000000000,0.0613901450,6.1130404117,scatter
79400,3,0.0613901450,6.1130404117,0.5000000000,6.1273362559,exit_right
79500,1,0.0000000000,0.0000000000,0.5000000000,0.0000000000,exit_right
79600,1,0.0000000000,0.0000000000,0.5000000000,0.0000000000,exit_right
79700,1,0.0000000000,0.0000000000,0.5000000000,0.0000000000,exit_right
79800,1,0.0000000000,0.0000000000,0.5000000000,0.0000000000,exit_right
79900,1,0.0000000000,0.0000000000,0.5000000000,0.0000000000,exit_right
80000,1,0.0000000000,0.0000000000,0.5000000000,0.0000000000,exit_right
80100,1,0.0000000000,0.0000000000,0.5000000000,0.0000000000,exit_right
80200,1,0.0000000000,0.0000000000,0.5000000000,0.0000000000,exit_right
80300,1,0.0000000000,0.0000000000,0.5000000000,0.0000000000,exit_right
80400,1,0.0000000000,0.0000000000,0.5000000000,0.0000000000,exit_right
80500,1,0.0000000000,0.0000000000,0.5000000000,0.0000000000,exit_right
80600,1,0.0000000000,0.0000000000,0.5000000000,0.0000000000,exit_right
80700,1,0.0000000000,0.0000000000,0.5000000000,0.0000000000,exit_right
80800,1,0.0000000000,0.0000000000,0.2360768970,0.0000000000,scatter
80800,2,0.2360768970,0.0000000000,0.0291060504,-1.2468355387,scatter
80800,3,0.0291060504,-1.2468355387,0.0000000000,-1.2459318320,exit_left
80900,1,0.0000000000,0.0000000000,0.5000000000,0.0000000000,exit_right
81000,1,0.0000000000,0.0000000000,0.5000000000,0.0000000000,exit_right
81100,1,0.0000000000,0.0000000000,0.0009141045,0.0000000000,scatter
81100,2,0.0009141045,0.0000000000,0.5000000000,0.1968952227,exit_right
81200,1,0.0000000000,0.0000000000,0.5000000000,0.0000000000,exit_right
81300,1,0.0000000000,0.0000000000,0.5000000000,0.0000000000,exit_right
81400,1,0.0000000000,0.0000000000,0.5000000000,0.0000000000,exit_right
81500,1,0.0000000000,0.0000000000,0.5000000000,0.0000000000,exit_right
81600,1,0.0000000000,0.0000000000,0.5000000000,0.0000000000,exit_right
81700,1,0.0000000000,0.0000000000,0.1133542695,0.0000000000,absorb
81800,1,0.0000000000,0.0000000000,0.5000000000,0.0000000000,exit_right
81900,1,0.0000000000,0.0000000000,0.5000000000,0.0000000000,exit_right
82000,1,0.0000000000,0.0000000000,0.5000000000,0.0000000000,exit_right
82100,1,0.0000000000,0.0000000000,0.5000000000,0.0000000000,exit_right
82200,1,0.0000000000,0.0000000000,0.5000000000,0.0000000000,exit_right
82300,1,0.0000000000,0.0000000000,0.5000000000,0.0000000000,exit_right
82400,1,0.0000000000,0.0000000000,0.5000000000,0.0000000000,exit_right
82500,1,0.0000000000,0.0000000000,0.5000000000,0.0000000000,exit_right
82600,1,0.0000000000,0.0000000000,0.5000000000,0.0000000000,exit_right
82700,1,0.0000000000,0.0000000000,0.5000000000,0.0000000000,exit_right
82800,1,0.0000000000,0.0000000000,0.5000000000,0.0000000000,exit_right
82900,1,0.0000000000,0.0000000000,0.5000000000,0.0000000000,exit_right
83000,1,0.0000000000,0.0000000000,0.5000000000,0.0000000000,exit_right
83100,1,0.0000000000,0.0000000000,0.5000000000,0.0000000000,exit_right
83200,1,0.0000000000,0.0000000000,0.5000000000,0.0000000000,exit_right
83300,1,0.0000000000,0.0000000000,0.5000000000,0.0000000000,exit_right
83400,1,0.0000000000,0.0000000000,0.5000000000,0.0000000000,exit_right
83500,1,0.0000000000,0.0000000000,0.4910115888,0.0000000000,absorb
83600,1,0.0000000000,0.0000000000,0.4391818283,0.0000000000,scatter
83600,2,0.4391818283,0.0000000000,0.0000000000,0.2728971044,exit_left
83700,1,0.0000000000,0.0000000000,0.5000000000,0.0000000000,exit_right
83800,1,0.0000000000,0.0000000000,0.5000000000,0.0000000000,exit_right
83900,1,0.0000000000,0.0000000000,0.5000000000,0.0000000000,exit_right
84000,1,0.0000000000,0.0000000000,0.5000000000,0.0000000000,exit_right
84100,1,0.0000000000,0.0000000000,0.5000000000,0.0000000000,exit_right
84200,1,0.0000000000,0.0000000000,0.5000000000,0.0000000000,exit_right
84300,1,0.0000000000,0.0000000000,0.0672157759,0.0000000000,scatter
84300,2,0.0672157759,0.0000000000,0.0000000000,0.0494076599,exit_left
84400,1,0.0000000000,0.0000000000,0.5000000000,0.0000000000,exit_right
84500,1,0.0000000000,0.0000000000,0.5000000000,0.0000000000,exit_right
84600,1,0.0000000000,0.0000000000,0.5000000000,0.0000000000,exit_right
84700,1,0.0000000000,0.0000000000,0.3552748447,0.0000000000,scatter
84700,2,0.3552748447,0.0000000000,0.0000000000,0.1135482979,exit_left
84800,1,0.0000000000,0.0000000000,0.5000000000,0.0000000000,exit_right
84900,1,0.0000000000,0.0000000000,0.5000000000,0.0000000000,exit_right
85000,1,0.0000000000,0.0000000000,0.5000000000,0.0000000000,exit_right
85100,1,0.0000000000,0.0000000000,0.0092872386,0.0000000000,absorb
85200,1,0.0000000000,0.0000000000,0.5000000000,0.0000000000,exit_right
85300,1,0.0000000000,0.0000000000,0.5000000000,0.0000000000,exit_right
85400,1,0.0000000000,0.0000000000,0.5000000000,0.0000000000,exit_right
85500,1,0.0000000000,0.0000000000,0.5000000000,0.0000000000,exit_right
85600,1,0.0000000000,0.0000000000,0.5000000000,0.0000000000,exit_right
85700,1,0.0000000000,0.0000000000,0.5000000000,0.0000000000,exit_right
85800,1,0.0000000000,0.0000000000,0.3994734276,0.0000000000,scatter
85800,2,0.3994734276,0.0000000000,0.5000000000,1.3753181800,exit_right
85900,1,0.0000000000,0.0000000000,0.2540135608,0.0000000000,scatter
85900,2,0.2540135608,0.0000000000,0.0000000000,-0.4180148435,exit_left
86000,1,0.0000000000,0.0000000000,0.5000000000,0.0000000000,exit_right
86100,1,0.0000000000,0.0000000000,0.5000000000,0.0000000000,exit_right
86200,1,0.0000000000,0.0000000000,0.5000000000,0.0000000000,exit_right
86300,1,0.0000000000,0.0000000000,0.3046066935,0.0000000000,absorb
86400,1,0.0000000000,0.0000000000,0.5000000000,0.0000000000,exit_right
86500,1,0.0000000000,0.0000000000,0.5000000000,0.0000000000,exit_right
86600,1,0.0000000000,0.0000000000,0.1809942824,0.0000000000,scatter
86600,2,0.1809942824,0.0000000000,0.0000000000,-0.1575794561,exit_left
86700,1,0.0000000000,0.0000000000,0.5000000000,0.0000000000,exit_right
86800,1,0.0000000000,0.0000000000,0.5000000000,0.0000000000,exit_right
86900,1,0.0000000000,0.0000000000,0.3949980263,0.0000000000,scatter
86900,2,0.3949980263,0.0000000000,0.0000000000,0.2556561656,exit_left
87000,1,0.0000000000,0.0000000000,0.5000000000,0.0000000000,exit_right
87100,1,0.0000000000,0.0000000000,0.5000000000,0.0000000000,exit_right
87200,1,0.0000000000,0.0000000000,0.5000000000,0.0000000000,exit_right
87300,1,0.0000000000,0.0000000000,0.3313915763,0.0000000000,scatter
87300,2,0.3313915763,0.0000000000,0.5000000000,0.2745000444,exit_right
87400,1,0.0000000000,0.0000000000,0.5000000000,0.0000000000,exit_right
87500,1,0.0000000000,0.0000000000,0.5000000000,0.0000000000,exit_right
87600,1,0.0000000000,0.0000000000,0.2991181492,0.0000000000,scatter
87600,2,0.2991181492,0.0000000000,0.3760963175,0.1160468065,scatter
87600,3,0.3760963175,0.1160468065,0.4393028216,0.0439251548,scatter
87600,4,0.4393028216,0.0439251548,0.0000000000,0.9543453688,exit_left
87700,1,0.0000000000,0.0000000000,0.5000000000,0.0000000000,exit_right
87800,1,0.0000000000,0.0000000000,0.5000000000,0.0000000000,exit_right
87900,1,0.0000000000,0.0000000000,0.5000000000,0.0000000000,exit_right
88000,1,0.0000000000,0.0000000000,0.5000000000,0.0000000000,exit_right
88100,1,0.0000000000,0.0000000000,0.5000000000,0.0000000000,exit_right
88200,1,0.0000000000,0.0000000000,0.5000000000,0.0000000000,exit_right
88300,1,0.0000000000,0.0000000000,0.5000000000,0.0000000000,exit_right
88400,1,0.0000000000,0.0000000000,0.2469027094,0.0000000000,scatter
88400,2,0.2469027094,0.0000000000,0.1241679843,0.4822688721,scatter
88400,3,0.1241679843,0.4822688721,0.1351444514,0.6537994267,absorb
88500,1,0.0000000000,0.0000000000,0.5000000000,0.0000000000,exit_right
88600,1,0.0000000000,0.0000000000,0.5000000000,0.0000000000,exit_right
88700,1,0.0000000000,0.0000000000,0.5000000000,0.0000000000,exit_right
88800,1,0.0000000000,0.0000000000,0.5000000000,0.0000000000,exit_right
88900,1,0.0000000000,0.0000000000,0.5000000000,0.0000000000,exit_right
89000,1,0.0000000000,0.0000000000,0.0921068291,0.0000000000,scatter
89000,2,0.0921068291,0.0000000000,0.5000000000,0.0782055876,exit_right
89100,1,0.0000000000,0.0000000000,0.5000000000,0.0000000000,exit_right
89200,1,0.0000000000,0.0000000000,0.5000000000,0.0000000000,exit_right
89300,1,0.0000000000,0.0000000000,0.5000000000,0.0000000000,exit_right
89400,1,0.0000000000,0.0000000000,0.2696566406,0.0000000000,scatter
89400,2,0.2696566406,0.0000000000,0.5000000000,-0.0809676519,exit_right
89500,1,0.0000000000,0.0000000000,0.5000000000,0.0000000000,exit_right
89600,1,0.0000000000,0.0000000000,0.5000000000,0.0000000000,exit_right
89700,1,0.0000000000,0.0000000000,0.5000000000,0.0000000000,exit_right
89800,1,0.0000000000,0.0000000000,0.5000000000,0.0000000000,exit_right
89900,1,0.0000000000,0.0000000000,0.5000000000,0.0000000000,exit_right
90000,1,0.0000000000,0.0000000000,0.5000000000,0.0000000000,exit_right
90100,1,0.0000000000,0.0000000000,0.5000000000,0.0000000000,exit_right
90200,1,0.0000000000,0.0000000000,0.5000000000,0.0000000000,exit_right
90300,1,0.0000000000,0.0000000000,0.5000000000,0.0000000000,exit_right
90400,1,0.0000000000,0.0000000000,0.0772252335,0.0000000000,scatter
90400,2,0.0772252335,0.0000000000,0.1039662580,0.1589428640,absorb
90500,1,0.0000000000,0.0000000000,0.3293315830,0.0000000000,scatter
90500,2,0.3293315830,0.0000000000,0.1989802365,-0.0697763684,scatter
90500,3,0.1989802365,-0.0697763684,0.0000000000,1.0663983081,exit_left
90600,1,0.0000000000,0.0000000000,0.5000000000,0.0000000000,exit_right
90700,1,0.0000000000,0.0000000000,0.5000000000,0.0000000000,exit_right
90800,1,0.0000000000,0.0000000000,0.5000000000,0.0000000000,exit_right
90900,1,0.0000000000,0.0000000000,0.5000000000,0.0000000000,exit_right
91000,1,0.0000000000,0.0000000000,0.5000000000,0.0000000000,exit_right
91100,1,0.0000000000,0.0000000000,0.0881017470,0.0000000000,scatter
91100,2,0.0881017470,0.0000000000,0.0000000000,0.0880485235,exit_left
91200,1,0.0000000000,0.0000000000,0.5000000000,0.0000000000,exit_right
91300,1,0.0000000000,0.0000000000,0.0673499247,0.0000000000,scatter
91300,2,0.0673499247,0.0000000000,0.0000000000,-0.0739742782,exit_left
91400,1,0.0000000000,0.0000000000,0.5000000000,0.0000000000,exit_right
91500,1,0.0000000000,0.0000000000,0.5000000000,0.0000000000,exit_right
91600,1,0.0000000000,0.0000000000,0.5000000000,0.0000000000,exit_right
91700,1,0.0000000000,0.0000000000,0.2783331903,0.0000000000,scatter
91700,2,0.2783331903,0.0000000000,0.5000000000,1.4637185051,exit_right
91800,1,0.0000000000,0.0000000000,0.5000000000,0.0000000000,exit_right
91900,1,0.0000000000,0.0000000000,0.5000000000,0.0000000000,exit_right
92000,1,0.0000000000,0.0000000000,0.5000000000,0.0000000000,exit_right
92100,1,0.0000000000,0.0000000000,0.5000000000,0.0000000000,exit_right
92200,1,0.0000000000,0.0000000000,0.5000000000,0.0000000000,exit_right
92300,1,0.0000000000,0.0000000000,0.5000000000,0.0000000000,exit_right
92400,1,0.0000000000,0.0000000000,0.5000000000,0.0000000000,exit_right
92500,1,0.0000000000,0.0000000000,0.5000000000,0.0000000000,exit_right
92600,1,0.0000000000,0.0000000000,0.5000000000,0.0000000000,exit_right
92700,1,0.0000000000,0.0000000000,0.5000000000,0.0000000000,exit_right
92800,1,0.0000000000,0.0000000000,0.5000000000,0.0000000000,exit_right
92900,1,0.0000000000,0.0000000000,0.5000000000,0.0000000000,exit_right
93000,1,0.0000000000,0.0000000000,0.5000000000,0.0000000000,exit_right
93100,1,0.0000000000,0.0000000000,0.2166777280,0.0000000000,scatter
93100,2,0.2166777280,0.0000000000,0.0000000000,-0.0580804889,exit_left
93200,1,0.0000000000,0.0000000000,0.5000000000,0.0000000000,exit_right
93300,1,0.0000000000,0.0000000000,0.5000000000,0.0000000000,exit_right
93400,1,0.0000000000,0.0000000000,0.1150982870,0.0000000000,scatter
93400,2,0.1150982870,0.0000000000,0.0097551943,0.0503090481,scatter
93400,3,0.0097551943,0.0503090481,0.5000000000,0.1931256795,exit_right
93500,1,0.0000000000,0.0000000000,0.5000000000,0.0000000000,exit_right
93600,1,0.0000000000,0.0000000000,0.5000000000,0.0000000000,exit_right
93700,1,0.0000000000,0.0000000000,0.0697823433,0.0000000000,scatter
93700,2,0.0697823433,0.0000000000,0.5000000000,-0.9376962759,exit_right
93800,1,0.0000000000,0.0000000000,0.5000000000,0.0000000000,exit_right
93900,1,0.0000000000,0.0000000000,0.5000000000,0.0000000000,exit_right
94000,1,0.0000000000,0.0000000000,0.5000000000,0.0000000000,exit_right
94100,1,0.0000000000,0.0000000000,0.1859113663,0.0000000000,scatter
94100,2,0.1859113663,0.0000000000,0.0000000000,0.1143520644,exit_left
94200,1,0.0000000000,0.0000000000,0.5000000000,0.0000000000,exit_right
94300,1,0.0000000000,0.0000000000,0.5000000000,0.0000000000,exit_right
94400,1,0.0000000000,0.0000000000,0.3653735596,0.0000000000,scatter
94400,2,0.3653735596,0.0000000000,0.5000000000,-0.3131963628,exit_right
94500,1,0.0000000000,0.0000000000,0.0057372921,0.0000000000,scatter
94500,2,0.0057372921,0.0000000000,0.0000000000,0.0055058139,exit_left
94600,1,0.0000000000,0.0000000000,0.5000000000,0.0000000000,exit_right
94700,1,0.0000000000,0.0000000000,0.5000000000,0.0000000000,exit_right
94800,1,0.0000000000,0.0000000000,0.5000000000,0.0000000000,exit_right
94900,1,0.0000000000,0.0000000000,0.5000000000,0.0000000000,exit_right
95000,1,0.0000000000,0.0000000000,0.1655429656,0.0000000000,scatter
95000,2,0.1655429656,0.0000000000,0.0458390934,0.6442093341,scatter
95000,3,0.0458390934,0.6442093341,0.0924801027,0.2333873972,absorb
95100,1,0.0000000000,0.0000000000,0.5000000000,0.0000000000,exit_right
95200,1,0.0000000000,0.0000000000,0.2043242303,0.0000000000,scatter
95200,2,0.2043242303,0.0000000000,0.5000000000,-1.3775729222,exit_right
95300,1,0.0000000000,0.0000000000,0.4806347886,0.0000000000,scatter
95300,2,0.4806347886,0.0000000000,0.3119733169,1.1088517746,scatter
95300,3,0.3119733169,1.1088517746,0.1660601643,1.0789882893,scatter
95300,4,0.1660601643,1.0789882893,0.5000000000,1.3422562466,exit_right
95400,1,0.0000000000,0.0000000000,0.5000000000,0.0000000000,exit_right
95500,1,0.0000000000,0.0000000000,0.1383890934,0.0000000000,scatter
95500,2,0.1383890934,0.0000000000,0.1121756727,0.0070358102,scatter
95500,3,0.1121756727,0.0070358102,0.5000000000,0.2119136174,exit_right
95600,1,0.0000000000,0.0000000000,0.5000000000,0.0000000000,exit_right
95700,1,0.0000000000,0.0000000000,0.5000000000,0.0000000000,exit_right
95800,1,0.0000000000,0.0000000000,0.5000000000,0.0000000000,exit_right
95900,1,0.0000000000,0.0000000000,0.5000000000,0.0000000000,exit_right
96000,1,0.0000000000,0.0000000000,0.5000000000,0.0000000000,exit_right
96100,1,0.0000000000,0.0000000000,0.0312906524,0.0000000000,scatter
96100,2,0.0312906524,0.0000000000,0.0000000000,-0.0273171476,exit_left
96200,1,0.0000000000,0.0000000000,0.5000000000,0.0000000000,exit_right
96300,1,0.0000000000,0.0000000000,0.2026364622,0.0000000000,absorb
96400,1,0.0000000000,0.0000000000,0.2738288081,0.0000000000,scatter
96400,2,0.2738288081,0.0000000000,0.0000000000,0.1646137738,exit_left
96500,1,0.0000000000,0.0000000000,0.5000000000,0.0000000000,exit_right
96600,1,0.0000000000,0.0000000000,0.5000000000,0.0000000000,exit_right
96700,1,0.0000000000,0.0000000000,0.5000000000,0.0000000000,exit_right
96800,1,0.0000000000,0.0000000000,0.5000000000,0.0000000000,exit_right
96900,1,0.0000000000,0.0000000000,0.5000000000,0.0000000000,exit_right
97000,1,0.0000000000,0.0000000000,0.5000000000,0.0000000000,exit_right
97100,1,0.0000000000,0.0000000000,0.5000000000,0.0000000000,exit_right
97200,1,0.0000000000,0.0000000000,0.2085519947,0.0000000000,scatter
97200,2,0.2085519947,0.0000000000,0.0000000000,0.7778157125,exit_left
97300,1,0.0000000000,0.0000000000,0.2392050070,0.0000000000,scatter
97300,2,0.2392050070,0.0000000000,0.5000000000,0.6409859271,exit_right
97400,1,0.0000000000,0.0000000000,0.5000000000,0.0000000000,exit_right
97500,1,0.0000000000,0.0000000000,0.5000000000,0.0000000000,exit_right
97600,1,0.0000000000,0.0000000000,0.5000000000,0.0000000000,exit_right
97700,1,0.0000000000,0.0000000000,0.5000000000,0.0000000000,exit_right
97800,1,0.0000000000,0.0000000000,0.5000000000,0.0000000000,exit_right
97900,1,0.0000000000,0.0000000000,0.5000000000,0.0000000000,exit_right
98000,1,0.0000000000,0.0000000000,0.0440123523,0.0000000000,scatter
98000,2,0.0440123523,0.0000000000,0.0000000000,-0.0818095793,exit_left
98100,1,0.0000000000,0.0000000000,0.5000000000,0.0000000000,exit_right
98200,1,0.0000000000,0.0000000000,0.5000000000,0.0000000000,exit_right
98300,1,0.0000000000,0.0000000000,0.1340484098,0.0000000000,absorb
98400,1,0.0000000000,0.0000000000,0.5000000000,0.0000000000,exit_right
98500,1,0.0000000000,0.0000000000,0.3397365029,0.0000000000,scatter
98500,2,0.3397365029,0.0000000000,0.3836333439,-0.0440574838,scatter
98500,3,0.3836333439,-0.0440574838,0.5000000000,-0.0516944805,exit_right
98600,1,0.0000000000,0.0000000000,0.5000000000,0.0000000000,exit_right
98700,1,0.0000000000,0.0000000000,0.5000000000,0.0000000000,exit_right
98800,1,0.0000000000,0.0000000000,0.5000000000,0.0000000000,exit_right
98900,1,0.0000000000,0.0000000000,0.0690777222,0.0000000000,scatter
98900,2,0.0690777222,0.0000000000,0.0000000000,-0.0602903151,exit_left
99000,1,0.0000000000,0.0000000000,0.5000000000,0.0000000000,exit_right
99100,1,0.0000000000,0.0000000000,0.2230616920,0.0000000000,scatter
99100,2,0.2230616920,0.0000000000,0.0000000000,-0.0950319519,exit_left
99200,1,0.0000000000,0.0000000000,0.5000000000,0.0000000000,exit_right
99300,1,0.0000000000,0.0000000000,0.1457450976,0.0000000000,scatter
99300,2,0.1457450976,0.0000000000,0.3523064745,-0.2301914152,absorb
99400,1,0.0000000000,0.0000000000,0.1782843004,0.0000000000,scatter
99400,2,0.1782843004,0.0000000000,0.4863545243,-2.5640995759,scatter
99400,3,0.4863545243,-2.5640995759,0.5000000000,-2.5832165128,exit_right
99500,1,0.0000000000,0.0000000000,0.1465475828,0.0000000000,scatter
99500,2,0.1465475828,0.0000000000,0.5000000000,-1.1905759731,exit_right
99600,1,0.0000000000,0.0000000000,0.5000000000,0.0000000000,exit_right
99700,1,0.0000000000,0.0000000000,0.2026649562,0.0000000000,absorb
99800,1,0.0000000000,0.0000000000,0.5000000000,0.0000000000,exit_right
99900,1,0.0000000000,0.0000000000,0.5000000000,0.0000000000,exit_right
100000,1,0.0000000000,0.0000000000,0.5000000000,0.0000000000,exit_right
